id,commercial_name_en,commercial_name_ar,scientific_name,manufacturer,drug_class,route,price_egp,dosage,product_type
"1015","AMOXIL 500MG VIAL","أموكسيل","AMOXICILLIN","MUP > SMITHKLINE BEECHAM","PENICILLINS.MONOCOMPONENT","INJECTION","6.5","",""
"1016","AMOXIL 500MG 12 CAPS.","أموكسيل","AMOXICILLIN","MUP > SMITHKLINE BEECHAM","PENICILLINS.MONOCOMPONENT","ORAL.SOLID","9.0","",""
"1017","AMOXIL FORT 250MG/5ML SUSP. 100ML","أموكسيل فورت 250مجم/5مل","AMOXICILLIN","MUP > SMITHKLINE BEECHAM","PENICILLINS.MONOCOMPONENT","ORAL.LIQUID","11.0","",""
"1018","AMOXIL FORT 250MG/5ML SUSP. 60ML","أموكسيل فورت 250مجم/5مل","AMOXICILLIN","MUP > SMITHKLINE BEECHAM","PENICILLINS.MONOCOMPONENT","ORAL.LIQUID","5.5","",""
"1019","AMOXILANIC 228.5MG/5ML PD. FOR ORAL SUSP. 60ML","أموكسيلانيك معلق فموي","AMOXICILLIN+CLAVULANIC ACID","DELTA PHARMA > DEBEIKY","PENICILLINS.PENICILLIN WITH B-LACTAMASE INHBITOR","ORAL.LIQUID","28.5","",""
"1020","AMOXILANIC 457MG/5ML PD. FOR ORAL SUSP. 70ML","أموكسيلانيك معلق فموي","AMOXICILLIN+CLAVULANIC ACID","DELTA PHARMA > DEBEIKY","PENICILLINS.PENICILLIN WITH B-LACTAMASE INHBITOR","ORAL.LIQUID","45.0","",""
"1021","AMOXYCILLIN 250 MG/5 ML SUSP. 100 ML","أموكسيسيللين 250 مجم/5 مل","AMOXICILLIN","ARAB DRUG COMPANY (ADCO)","PENICILLINS.MONOCOMPONENT","ORAL.LIQUID","7.5","",""
"1022","AMOXYCILLIN 250 MG/5 ML SUSP. 80 ML","أموكسيسيللين 250 مجم/5 مل","AMOXICILLIN","ARAB DRUG COMPANY (ADCO)","PENICILLINS.MONOCOMPONENT","ORAL.LIQUID","7.0","",""
"1023","AMOXYCILLIN 250MG 12 CAPS B.P.2013","أموكسيسيللين ب.ب.2013","AMOXICILLIN","ARAB DRUG COMPANY (ADCO)","PENICILLINS.MONOCOMPONENT","ORAL.SOLID","4.7","",""
"1024","AMOXYCILLIN 500MG 10 CAPS B.P.2013","أموكسيسيللين ب.ب.2013","AMOXICILLIN","ARAB DRUG COMPANY (ADCO)","PENICILLINS.MONOCOMPONENT","ORAL.SOLID","6.5","",""
"1025","AMOXYCILLIN 500MG 12 CAPS B.P.2013","أموكسيسيللين ب.ب.2013","AMOXICILLIN","ARAB DRUG COMPANY (ADCO)","PENICILLINS.MONOCOMPONENT","ORAL.SOLID","9.0","",""
"1026","AMPIAVA 750 MG 30 F.C.TABS.","أمبيافا","ANIRACETAM","MASH PREMIERE","CEREBRAL CIRCULATORY INHANCER","ORAL.SOLID","300.0","",""
"1027","AMPICILLIN FORTE 250MG/5ML SUSP. 60ML","أمبيسيللين فورتي أمبول","AMPICILLIN","EL NILE.","PENICILLINS.MONOCOMPONENT","ORAL.LIQUID","5.9","",""
"1028","AMPICILLIN FORTE 500MG 12 CAPS.","أمبيسيللين فورت","AMPICILLIN","EL NILE.","PENICILLINS.MONOCOMPONENT","ORAL.SOLID","7.6","",""
"1029","AMPICILLIN SODIUM 1 GM VIAL","أمبيسيللين سوديوم","AMPICILLIN","CID","PENICILLINS.MONOCOMPONENT","INJECTION","4.0","",""
"1030","AMPICILLIN SODIUM 500MG I.M/I.V VIAL","أمبيسيللين سوديوم فيال","AMPICILLIN","CID","PENICILLINS.MONOCOMPONENT","INJECTION","5.0","",""
"1031","AMPICILLIN-ALEX 250MG 12CAPS","أمبيسيللين-أليكس","AMPICILLIN","ALEXANDRIA","PENICILLINS.MONOCOMPONENT","ORAL.SOLID","8.5","",""
"1032","AMPICILLIN-ALEX 500 MG 12 CAPS.","أمبيسيللين-أليكس","AMPICILLIN","MISR > ALEXANDRIA","PENICILLINS.MONOCOMPONENT","ORAL.SOLID","11.5","",""
"1033","AMPICILLIN-CID 250MG 12 CAPS.","أمبيسيللين-سيد","AMPICILLIN","CID","PENICILLINS.MONOCOMPONENT","ORAL.SOLID","6.5","",""
"1034","AMPICILLIN-CID 500 MG 12 CAPS.","أمبيسيللين-سيد","AMPICILLIN","CID","PENICILLINS.MONOCOMPONENT","ORAL.SOLID","10.0","",""
"1035","AMPICILLIN-EL NASR 1 GM VIAL","أمبيسيللين-إل ناسر","AMPICILLIN","EL NASR","PENICILLINS.MONOCOMPONENT","INJECTION","5.5","",""
"1036","AMPICILLIN-EL NASR 125MG/5ML SUSP. 30 ML","أمبيسيللين-إل ناسر أمبول","AMPICILLIN","EL NASR","PENICILLINS.MONOCOMPONENT","ORAL.LIQUID","2.5","",""
"1037","AMPICILLIN-EL NASR 250MG 12 CAPS.","أمبيسيللين-إل ناسر","AMPICILLIN","EL NASR","PENICILLINS.MONOCOMPONENT","ORAL.SOLID","6.5","",""
"1038","AMPICILLIN-EL NASR 250MG/5ML SUSP. 60ML","أمبيسيللين-إل ناسر أمبول","AMPICILLIN","EL NASR","PENICILLINS.MONOCOMPONENT","ORAL.LIQUID","14.0","",""
"1039","AMPICILLIN-EL NASR 500 MG 12 CAPS.USP 23","أمبيسيللين-إل ناسر .أوسب 23","AMPICILLIN","EL NASR","PENICILLINS.MONOCOMPONENT","ORAL.SOLID","11.5","",""
"1040","AMPICILLIN-EL NASR 500 MG VIAL","أمبيسيللين-إل ناسر","AMPICILLIN","EL NASR","PENICILLINS.MONOCOMPONENT","INJECTION","2.5","",""
"1041","AMPICILLIN-MISR 1 GM VIAL","أمبيسيللين-ميسر","AMPICILLIN","MISR","PENICILLINS.MONOCOMPONENT","INJECTION","10.0","",""
"1042","AMPICILLIN-MISR 125MG/5 ML SUSP. 60ML","أمبيسيللين-ميسر أمبول","AMPICILLIN","MISR","PENICILLINS.MONOCOMPONENT","ORAL.LIQUID","12.0","",""
"1043","AMPICILLIN-MISR 250 MG 12 CAPS.","أمبيسيللين-ميسر","AMPICILLIN","MISR","PENICILLINS.MONOCOMPONENT","ORAL.SOLID","8.5","",""
"1044","AMPICILLIN-MISR 250 MG VIAL","أمبيسيللين-ميسر","AMPICILLIN","MISR","PENICILLINS.MONOCOMPONENT","INJECTION","6.0","",""
"1045","AMPICILLIN-MISR 250MG/5ML SUSP. 60ML","أمبيسيللين-ميسر أمبول","AMPICILLIN","MISR","PENICILLINS.MONOCOMPONENT","ORAL.LIQUID","16.5","",""
"1046","AMPICILLIN-MISR 500MG 12 CAPS.","أمبيسيللين-ميسر","AMPICILLIN","MISR","PENICILLINS.MONOCOMPONENT","ORAL.SOLID","11.5","",""
"1047","AMPICILLIN-MISR 500MG VIAL","أمبيسيللين-ميسر","AMPICILLIN","MISR","PENICILLINS.MONOCOMPONENT","INJECTION","7.5","",""
"1048","AMPICILLIN-NILE 1 G VIAL","أمبيسيللين-نيل","AMPICILLIN","EL NILE.","PENICILLINS.MONOCOMPONENT","INJECTION","8.75","",""
"1049","AMPICILLIN-NILE 500MG VIAL","أمبيسيللين-نيل","AMPICILLIN","EL NILE.","PENICILLINS.MONOCOMPONENT","INJECTION","7.5","",""
"1050","AMPICILLIN-OCTOBER PHARMA 500MG 10 CAPS.","أمبيسيللين-أوكتوبير فارما","AMPICILLIN","OCTOBER PHARMA","PENICILLINS.MONOCOMPONENT","ORAL.SOLID","7.15","",""
"1051","AMPICLOX 500MG 12CAPS.","أمبيكلوكس","AMPICILLIN+CLOXACILLIN","MUP > SMITHKLINE BEECHAM","PENICILLINS.PENICILLIN WITH B-LACTAMASE INHBITOR","ORAL.SOLID","8.6","",""
"1052","AMPICLOZAPINE 250 MG 20 CAPS.","أمبيكلوزابين","AMPIZAPINE","ILLUPHARM","","ORAL.SOLID","626.0","",""
"1053","AMPICTAM 1500MG VIAL FOR I.V./I.M. INJ.","أمبيكتام ","AMPICILLIN+SULBACTAM","EL NILE.","PENICILLINS.PENICILLIN WITH B-LACTAMASE INHBITOR","INJECTION","21.15","",""
"1054","AMPICTAM 375MG 12 TAB.","أمبيكتام","AMPICILLIN+SULBACTAM","EL NILE.","PENICILLINS.PENICILLIN WITH B-LACTAMASE INHBITOR","ORAL.SOLID","45.0","",""
"1055","AMPICTAM 750MG VIAL","أمبيكتام","AMPICILLIN+SULBACTAM","EL NILE.","PENICILLINS.PENICILLIN WITH B-LACTAMASE INHBITOR","INJECTION","14.6","",""
"1056","AMPIFLUX 250MG/5ML SUSP. 60ML","أمبيفلوكس أمبول","AMPICILLIN+FLUCLOXACILLIN","PHARCO","PENICILLINS.PENICILLIN WITH B-LACTAMASE INHBITOR","ORAL.LIQUID","33.0","",""
"1057","AMPIFLUX 500 MG 12 CAPS.","أمبيفلوكس","AMPICILLIN+FLUCLOXACILLIN","PHARCO","PENICILLINS.PENICILLIN WITH B-LACTAMASE INHBITOR","ORAL.SOLID","16.0","",""
"1058","AMPOFER 20MG/ML 5 AMPS. I.V. INJ./INF.","أمبوفير /مل . . ","IRON","DELTA GRAND PHARMA > EGYPHARMA-EGYPT","ANEMIA.IRON SUPPLEMENT","INJECTION","275.0","",""
"1059","AMRASE 30 ENTERIC COATED TAB.","أمراس 30 إنتيريك مغلفة","OX BILE+PANCREATIN+PAPAIN","AMRIYA","DIGESTIVE ENZYMES","ORAL.SOLID","12.15","",""
"1060","AMRI-K 10MG/ML 5 AMP. I.M.","أمري-ك /مل","VITAMIN K1","AMRIYA","VITAMIN K","INJECTION","40.0","",""
"1061","AMRIBROMAZEPAM 1.5 MG 30 TABS.","أمريبرومازيبام","BROMAZEPAM","AMRIYA","PSYCHIATRIC.ANXIOLYTICS-HYPNOTICS","ORAL.SOLID","10.5","",""
"1062","AMRIBROMAZEPAM 3MG 30 TABS.","أمريبرومازيبام","BROMAZEPAM","AMRIYA","PSYCHIATRIC.ANXIOLYTICS-HYPNOTICS","ORAL.SOLID","12.0","",""
"1063","AMRICARNITINE 1GM/5ML 5 I.V. AMP.","أمريكارنيتين أمبول","L-CARNITINE","AMRIYA","ANTIOXIDANT","INJECTION","26.4","",""
"1064","AMRICARNITINE 300MG 20 F.C. TAB.","أمريكارنيتين أقراص مغلفة","L-CARNITINE","AMRIYA","ANTIOXIDANT","ORAL.SOLID","21.6","",""
"1065","AMRIFLUCAN 150 MG 2 CAPS.","أمريفلوكان","FLUCONAZOLE","AMRIYA","ANTIFUNGALS.TRIAZOLES","ORAL.SOLID","11.0","",""
"1066","AMRIFLUCAN 50 MG 7 CAPS.","أمريفلوكان","FLUCONAZOLE","AMRIYA","ANTIFUNGALS.TRIAZOLES","ORAL.SOLID","24.0","",""
"1067","AMRIODIVASC 10/10 MG 15 TABS.","أمريوديفاسك 10 10/10 قرص","AMLODIPINE + PERINDOPRIL","AMRIYA","ANTI-HYPERTENSIVE.COMBINED ACE WITH CALCIUM CHANNEL BLOCKER","ORAL.SOLID","60.0","",""
"1068","AMRIODIVASC 10/5 MG 15 TABS.","أمريوديفاسك 10 10/5 قرص","AMLODIPINE + PERINDOPRIL","AMRIYA","ANTI-HYPERTENSIVE.COMBINED ACE WITH CALCIUM CHANNEL BLOCKER","ORAL.SOLID","55.5","",""
"1069","AMRIODIVASC 5/10 MG 15 TABS.","أمريوديفاسك 5 5/10 قرص","AMLODIPINE + PERINDOPRIL","AMRIYA","ANTI-HYPERTENSIVE.COMBINED ACE WITH CALCIUM CHANNEL BLOCKER","ORAL.SOLID","43.5","",""
"1070","AMRIODIVASC 5/5 MG 15 TABS.","أمريوديفاسك 5 5/5 قرص","AMLODIPINE + PERINDOPRIL","AMRIYA","ANTI-HYPERTENSIVE.COMBINED ACE WITH CALCIUM CHANNEL BLOCKER","ORAL.SOLID","40.5","",""
"1071","AMRIPHYLLINE 0.05GM/5ML SYRUP 120ML (N/A)","أمريفيللين شراب","THEOPHYLLINE SODIUM GLYCINATE","AMRIYA","BRONCHODILATOR","ORAL.LIQUID","6.0","",""
"1072","AMRIPHYLLINE 100MG 5 SUPP. (N/A)","أمريفيللين 5 لبوس","THEOPHYLLINE","AMRIYA","BRONCHODILATOR.PHOSPHODIESTERASE INHIBITORS","RECTAL","3.5","",""
"1073","AMRIPHYLLINE 300MG 5 SUPP. (N/A)","أمريفيللين 5 لبوس","THEOPHYLLINE","AMRIYA","BRONCHODILATOR.PHOSPHODIESTERASE INHIBITORS","RECTAL","5.0","",""
"1074","AMRISTATIN 20MG 10 F.C. TAB.","أمريستاتين أقراص مغلفة","SIMVASTATIN","AMRIYA","ANTIHYPERLIPIDEMIC.STATINS","ORAL.SOLID","36.0","",""
"1075","AMRISTATIN 40MG 10 F.C. TAB.","أمريستاتين أقراص مغلفة","SIMVASTATIN","AMRIYA","ANTIHYPERLIPIDEMIC.STATINS","ORAL.SOLID","33.0","",""
"1076","AMRISTATIN 80MG 10 F.C. TAB.","أمريستاتين أقراص مغلفة","SIMVASTATIN","AMRIYA","ANTIHYPERLIPIDEMIC.STATINS","ORAL.SOLID","40.0","",""
"1077","AMRIZOLE 1 GM 5 RECTAL SUPP.","أمريزول 5 لبوس","METRONIDAZOLE","AMRIYA","ANTIPROTOZOAL.NITROIMIDAZOLE","RECTAL","10.0","",""
"1078","AMRIZOLE 125MG/5ML SUSP. 120 ML","أمريزولي 125مجم/5مل","METRONIDAZOLE","AMRIYA","ANTIPROTOZOAL.NITROIMIDAZOLE","ORAL.LIQUID","31.0","",""
"1079","AMRIZOLE 250 MG 20 TABS.","أمريزول","METRONIDAZOLE","AMRIYA","ANTIPROTOZOAL.NITROIMIDAZOLE","ORAL.SOLID","20.0","",""
"1080","AMRIZOLE 500 MG 20 TABS.","أمريزول","METRONIDAZOLE","AMRIYA","ANTIPROTOZOAL.NITROIMIDAZOLE","ORAL.SOLID","25.0","",""
"1081","AMRIZOLE 500 MG 5 VAG. SUPP.","أمريزول 5 مهبل لبوس","METRONIDAZOLE","AMRIYA","ANTIPROTOZOAL.NITROIMIDAZOLE","VAGINAL","10.5","",""
"1082","AMRIZOLE 500 MG VIAL 100 ML","أمريزولي","METRONIDAZOLE","AMRIYA","ANTIPROTOZOAL.NITROIMIDAZOLE","INJECTION","47.0","",""
"1083","AMRIZOLE-N 5 VAG. SUPP.","أمريزولي-ن 5 مهبل لبوس","METRONIDAZOLE+NYSTATIN","AMRIYA","VAGINAL INFECTIONS","VAGINAL","30.0","",""
"1084","AMTHROST 125MG/5ML SUSP. 60ML","أمثروست 125مجم/5مل","CEFALEXIN","SIGMA > SABAA","ANTIBIOTIC.CEPHALOSPORIN.FIRST-GENERATION","ORAL.LIQUID","4.0","",""
"1085","AMTHROST 250 MG 10 F.C. TAB.","أمثروست أقراص مغلفة","CEFALEXIN","SIGMA > SABAA","ANTIBIOTIC.CEPHALOSPORIN.FIRST-GENERATION","ORAL.SOLID","4.0","",""
"1086","AMTHROST 250MG/5ML SUSP. 60ML","أمثروست 250مجم/5مل","CEFALEXIN","SIGMA > SABAA","ANTIBIOTIC.CEPHALOSPORIN.FIRST-GENERATION","ORAL.LIQUID","4.5","",""
"1087","AMVASC 10MG 30 CAPS.","أمفاسك","AMLODIPINE","JAMJOOM PHARMACEUTICALS","ANTIHYPERTENSIVE.SELECTIVE CALCIUM CHANNEL BLOCKER","ORAL.SOLID","30.0","",""
"1088","AMVASC 5MG 30 CAPSULES","أمفاسك","AMLODIPINE","JAMJOOM PHARMACEUTICALS","ANTIHYPERTENSIVE.SELECTIVE CALCIUM CHANNEL BLOCKER","ORAL.SOLID","28.8","",""
"1089","AMYLAMISK 428.6 MG","أميلاميسك","ALPHA AMYLASE","DAWAA EGYPT > MTS- MED","DIGESTIVE ENZYME","ORAL.SOLID","165.0","",""
"1090","AMYLICAN 100 ML SYRUP","أميليكان","ALPHA AMYLASE 1000MG / 15 ML","COPAD EGYPT > INCANDESCE","ANTI-INFLAMMATORY ENZYME","ORAL.LIQUID","80.0","",""
"1091","AMYLOMEDEX 120ML SYRUP","أميلوميديكس","ALPHA AMYLASE 200 U.CEIP /ML ORANGE FLAVOR","ORGANIX > P.MEDEX","ANTI-INFLAMMATORY DIGESTIVE ENZYME","ORAL.LIQUID","65.0","",""
"1092","AMYLOVER 60 ML SYRUP","أميلوفير","ALPHA AMYLASE+LACTASE","DAWA EGYPT INTERNATIONAL > GREEN NUTRITION ""AGZA PHARMA""","ANTI-INFLAMMATORY ENZYMES","ORAL.LIQUID","75.0","",""
"1093","AMYPAPINE 30 CHEW. TABS.","أميبابين 30 قابل للمضغ","PAPAIN+AMYLASE+PAROTEOLYTIC ENZYMES","> APIC","GIT disturbances","ORAL.SOLID","65.0","",""
"1094","ANA SYLLIUM 14 SACHETS","أنا سيلليوم","PSYLLIUM HUSK+PINEAPPLE FLAVOR+VIT C+SUCRALOSE","PREMIER INTERNATIONAL PHARMACEUTICAL > JOUVA PHARMA","DIETARY SUPPLEMENT","EFF","390.0","",""
"1095","ANA SYLLIUM 30 SACHETS","أنا سيلليوم","PSYLLIUM HUSK+PINEAPPLE FLAVOR+VITAMIN C+SUCRALOSE","PREMIER INTERNATIONAL PHARMACEUTICAL > JOUVA PHARMA","DIETARY SUPPLEMENT","EFF","780.0","",""
"1096","ANA SYLLIUM 7 SACHETS","أنا سيلليوم","PSYLLIUM HUSK+PINEAPPLE FLAVOR+VIT C+SUCRALOSE","PREMIER INTERNATIONAL PHARMACEUTICAL > JOUVA PHARMA","DIETARY SUPPLEMENT","EFF","195.0","",""
"1097","ANABRAMMUNE 75 MG 10 TABS.(N/A YET)","أنابراممون","CYCLOSPORIN","SIGMA","IMMUNOSUPPRESSANT","ORAL.SOLID","9.0","",""
"1098","ANADAR 30 SOFTGEL CAPS.","أنادار 30 سوفتجيل","ALPHA-D-GLUCOSAMINE+OMEGA 3","MEDIZEN PHARMACEUTICAL INDUSTRIES > LIPTIS","ANTI-RHEUMATIC.OSTEOARTHRITIS.ANABOLIC AGENTS","ORAL.SOLID","349.0","",""
"1099","ANADAR 60 SOFTGEL CAPS.","أنادار 60 سوفتجيل","ALPHA-D-GLUCOSAMINE+OMEGA 3","MEDIZEN PHARMACEUTICAL INDUSTRIES > LIPTIS","ANTI-RHEUMATIC.OSTEOARTHRITIS.ANABOLIC AGENTS","ORAL.SOLID","649.0","",""
"1102","ANAFORTEN ANTI-DANDRUFF SHAMPOO 200 ML","أنافورتين أنتي-داندروفف","ZINC PYRITHIONE+PIROCTONE OLAMINE+SALICYLIC ACID+OLIVE OIL+HYDROLYZED WHEAT PROTEIN","> BIO GENECA PHARMACEUTICALS","HAIR CARE","TOPICAL","195.0","",""
"1103","ANAFORTEN HAIR LOTION SPRAY 120 ML","أنافورتين هير","SAW PALMETTO+VITAMINS(B6+B12)+OMEGA 3-6-9+PANTHENOL+OLIVE OIL+CAFFEINE","> BIO GENECA PHARMACEUTICALS","HAIR CARE","TOPICAL","260.0","",""
"1104","ANAFORTEN HAIR MASK 300 GM","أنافورتين هير ماسك","","> BIO GENECA PHARMACEUTICALS","HAIR CARE","UNKNOWN","285.0","",""
"1105","ANAFORTEN HAIR SERUM 120 ML","أنافورتين هير سيروم","","> BIO GENECA PHARMACEUTICALS","HAIR CARE","UNKNOWN","305.0","",""
"1106","ANAFORTEN HAIR SHAMPOO 200 ML","أنافورتين هير","SAW PALMETTO+VITAMINS(B6+B12)+OMEGA 3-6-9+PANTHENOL+OLIVE OIL+CAFFEINE","> BIO GENECA PHARMACEUTICALS","HAIR CARE","TOPICAL","195.0","",""
"1107","ANAFRONIL 25 MG 30 TAB.","أنافرونيل","CLOMIPRAMINE","NOVARTIS > SANDOZ","PSYCHIATRIC.ANTIDEPRESSANTS","ORAL.SOLID","66.0","",""
"1108","ANAFRONIL SR 75 MG 20 F.C.TAB.","أنافرونيل سر","CLOMIPRAMINE","NOVARTIS > SANDOZ","PSYCHIATRIC.ANTIDEPRESSANTS","ORAL.SOLID","106.0","",""
"1109","ANAGEN HAIR LOTION SPRAY 120 ML","أناجين هير","BIOTIN+CASTOR OIL+BIRCH EX+ISOPROPYL ALCOHOL+CETIOL HE","EGYPTIAN COMPANY FOR COSMETICS > PEARLA PHARM","HAIR CARE","SPRAY","119.95","",""
"1110","ANAHAL 100% INHALATION SOLUTION 100 ML","أناهال 100% إنهالاتيون","ISOFLURANE","PHARCO","ANESTHETIC","INHALATION","693.0","",""
"1111","ANAHAL 100% INHALATION SOLUTION 250 ML","أناهال 100% إنهالاتيون","ISOFLURANE","PHARCO","ANESTHETIC","INHALATION","1402.0","",""
"1112","ANALGEX OBLONG 500 MG 20X10 F.C. TABS.","أنالجيكس أوبلونج 20كس10 أقراص مغلفة","DIPYRONE(METAMIZOLE)","ALEXANDRIA","ANTIPYRETIC","ORAL.SOLID","260.0","",""
"1113","ANALGIN 500MG 10 TAB.","أنالجين","DIPYRONE(METAMIZOLE)","EL NASR","ANTIPYRETIC","ORAL.SOLID","0.7","",""
"1114","ANALGIPROF 400 MG 25 SACHETS","أنالجيبروف","IBUPROFEN","EVA PHARMA","NSAID.PROPIONIC ACID DERIVATIVES","EFF","37.5","",""
"1115","ANALLERGE 2MG/5ML SYRUP 100ML","أنالليرجي شراب","CHLORPHENIRAMINE","KAHIRA","ANTI-HISTAMINE.ANTI-ALLERGY","ORAL.LIQUID","24.0","",""
"1116","ANALLERGE 4 MG 60 TAB.","أنالليرج","CHLORPHENIRAMINE","KAHIRA","ANTI-HISTAMINE.ANTI-ALLERGY","ORAL.SOLID","30.0","",""
"1117","ANANDRON 50MG 15 TAB.","أناندرون","NILUTAMIDE","SANOFI","ANTI-ANDROGEN","ORAL.SOLID","78.7","",""
"1118","ANANDRON 50MG 90 TAB.","أناندرون","NILUTAMIDE","SANOFI","ANTI-ANDROGEN","ORAL.SOLID","472.2","",""
"1119","ANAPENTAL 500MG VIAL (N/A)","أنابينتال","THIOPENTAL","SIGMA TEC","ANESTHESIA","INJECTION","9.0","",""
"1120","ANAPLATE 75MG 20 SUGAR COATED TAB.","أنابلات 20 سوجار مغلفة","DIPYRIDAMOLE","SEDICO","ANTIPLATLET.PHOSPHODIESTRASE 5 INHIBITOR","ORAL.SOLID","4.0","",""
"1121","ANAPRAMINE 25 MG 30 F.C.TAB.","أنابرامين","CLOMIPRAMINE","SIGMA","PSYCHIATRIC.ANTIDEPRESSANTS","ORAL.SOLID","31.5","",""
"1122","ANAPRAMINE 50 MG 30 F.C.TAB.","أنابرامين","CLOMIPRAMINE","SIGMA","PSYCHIATRIC.ANTIDEPRESSANTS","ORAL.SOLID","36.0","",""
"1123","ANAPRAMINE S.R. 75 MG 20 F.C. TAB.","أنابرامين س.ر أقراص مغلفة","CLOMIPRAMINE","SIGMA","PSYCHIATRIC.ANTIDEPRESSANTS","ORAL.SOLID","72.0","",""
"1124","ANARCOL 50 MG 30 F.C.TABS.","أناركول","NALTREXONE","MULTI-APEX","ANALGESICS.NARCOTIC OPIOID","ORAL.SOLID","777.0","",""
"1125","ANARKY CREAM 50 GM","أناركي","STEARIC ACID+SOY BEAN EX+PROPLPARABEN+AVOCADO OIL+BEESWAX+HONEY+VIT E+PANTHENOL","BRAND INTERNATIONAL FOR FOOD SUPPLEMENTS AND COSMOTICS > I PHARM CO","SKIN MOISTURIZER FOR BURNS","UNKNOWN","70.0","",""
"1126","ANASEZIAGO CREAM 30 GM","أناسيزياجو","LIDOCAINE+PRILOCAINE","AL ESRAA PHARMACEUTICAL OPTIMA > ELIXIR PHARMA","LOCAL ANESTHETIC","TOPICAL","55.0","",""
"1127","ANASTRODEX 1 MG 30 F.C. TAB.","أناستروديكس أقراص مغلفة","ANASTROZOLE","HIKMA SPECIALIZED PHARMACEUTICALS","NON-STEROIDAL AROMATASE-INHIBITOR","ORAL.SOLID","330.0","",""
"1128","ANASTRONATE 1 MG 28 F.C. TABS.","أناسترونات أقراص مغلفة","ANASTROZOLE","HI-PHARM","NON-STEROIDAL AROMATASE-INHIBITOR","ORAL.SOLID","352.0","",""
"1129","ANASTROZOL-SANDOZ 1 MG 30 F.C. TAB.","أناستروزول-ساندوز أقراص مغلفة","ANASTROZOLE","SANDOZ > NOVARTIS SCIENTIFIC OFFICE","NON-STEROIDAL AROMATASE-INHIBITOR","ORAL.SOLID","495.0","",""
"1130","ANASTROZOL-SYNTHON 1 MG 28 F.C.TABS.","أناستروزول-سينثون","ANASTROZOLE","SYNTHON HISPANIA S.L. > ABOUKIR TRADING","NON-STEROIDAL AROMATASE-INHIBITOR","ORAL.SOLID","706.0","",""
"1131","ANAUSAN 120ML SYRUP","أنوسان","METOCLOPRAMIDE+VITAMIN B6","RAMEDA","ANTIEMETIC","ORAL.LIQUID","4.8","",""
"1132","ANCAVAZ 10/10 MG 20 TABS.","أنكافاز 10 10/10 قرص","AMLODIPINE + PERINDOPRIL","ZETA PHARM","ANTI-HYPERTENSIVE.COMBINED ACE WITH CALCIUM CHANNEL BLOCKER","ORAL.SOLID","74.0","",""
"1133","ANCAVAZ 10/5 MG 20 TABS.","أنكافاز 10 10/5 قرص","AMLODIPINE + PERINDOPRIL","ZETA PHARM","ANTI-HYPERTENSIVE.COMBINED ACE WITH CALCIUM CHANNEL BLOCKER","ORAL.SOLID","51.5","",""
"1134","ANCAVAZ 5/10 MG 20 TABS.","أنكافاز 5 5/10 قرص","AMLODIPINE + PERINDOPRIL","ZETA PHARM","ANTI-HYPERTENSIVE.COMBINED ACE WITH CALCIUM CHANNEL BLOCKER","ORAL.SOLID","69.0","",""
"1135","ANCAVAZ 5/5 MG 20 TABS.","أنكافاز 5 5/5 قرص","AMLODIPINE + PERINDOPRIL","ZETA PHARM","ANTI-HYPERTENSIVE.COMBINED ACE WITH CALCIUM CHANNEL BLOCKER","ORAL.SOLID","47.0","",""
"1136","ANDAGRA 100 MG 12 F.C. TABS.","أنداجرا أقراص مغلفة","SILDENAFIL","ANDALOUS PHARMA","SEXUAL TONIC","ORAL.SOLID","63.0","",""
"1137","ANDEQUEPINE 200MG 20 EXT. REL. F.C. TAB.","أنديكويبين 20 إكست. ريل أقراص مغلفة","QUETIAPINE","ANDALOUS PHARMA","PSYCHIATRIC.ANTIPSYCHOTICS","ORAL.SOLID","110.0","",""
"1138","ANDO 10 GM 10 SACHETS","أندو","LACTOFERRINE+IRON+ZINC+FOLIC ACID+B1+B6+B12+VITAMIN C","MED CARE > PHARMA LAND","MULTIVITAMIN","EFF","120.0","",""
"1139","ANDOCANDOXIN 200 MG 3 VAGINAL CAPS.","أندوكاندوكسين 3","FENTICONAZOLE","MEDIZEN PHARMACEUTICAL INDUSTRIES > ANDALOUS PHARMA","ANTIFUNGALS.IMIDAZOLES","VAGINAL","58.0","",""
"1140","ANDOCANDOXIN 600 MG 1 VAGINAL CAPS.","أندوكاندوكسين 1","FENTICONAZOLE","MEDIZEN PHARMACEUTICAL INDUSTRIES > ANDALOUS PHARMA","ANTIFUNGALS.IMIDAZOLES","VAGINAL","61.0","",""
"1141","ANDOCEPTIVE 30/75MCG 21 C.TABS.","أندوسيبتيف 30 30/75 قرص","ETHINYL ESTRADIOL+GESTODENE","ANDALOUS PHARMA","CONTRACEPTION","ORAL.SOLID","76.0","",""
"1142","ANDOCHOLEST 625 MG 30 TABS.","أندوتشوليست","COLESEVELAM","ANDALOUS PHARMA","BILE ACID SEQUESTRANT","ORAL.SOLID","225.0","",""
"1143","ANDODACLATA 60 MG 28 F.C. TABS.","أندوداكلاتا أقراص مغلفة","DACLATASVIR","ANDALOUS PHARMA","ANTI-VIRAL","ORAL.SOLID","120.0","",""
"1144","ANDODARICIN 7.5 MG 20 EXT. REL. F.C.TAB.","أندوداريسين 20 إكست. ريل","DARIFENACIN","ANDALOUS PHARMA","URGE INCONTINENCE","ORAL.SOLID","80.0","",""
"1145","ANDODERMA EXTRA EMOLLIENT GEL 50 ML","أندوديرما إكسترا إموللينت","ISOPROPYL MYRISTATE+LIQUID PARAFFIN+GLYCEROL+CARBOMER+CETAMACROGOL+TRIETHANOLAMINE+PHENOXYETHANOL+PU","ANDALOUS PHARMA","SKIN CARE.MOISTURIZING","TOPICAL","130.0","",""
"1146","ANDODERMA SUNSCREEN SPF 34 SPRAY 100 ML","أندوديرما سونسكرين سبف","SUN PROTECTION FORMULA","ANDALOUS PHARMA","SUN BLOCK","SPRAY","199.0","",""
"1147","ANDODERMA SUNSCREEN SPF 50 LOTION 75 GM","أندوديرما سونسكرين سبف 50","SUN PROTECTION FORMULA","ANDALOUS PHARMA","SUN BLOCK","UNKNOWN","450.0","",""
"1148","ANDODERMA WHITENING CREAM 50 GM","أندوديرما وهيتينينج","","ANDALOUS PHARMA","SKIN CARE.WHITENING","TOPICAL","199.0","",""
"1149","ANDOFLOZIN XR 12.5/1000 MG 20 F.C. TABS.","أندوفلوزين كسر 12.5 12.5/1000 قرص","EMPAGLIFLOZIN+METFORMIN","ANDALOUS PHARMA","ANTI-DIABETIC.SECRETAGOGUES.SGLT2 INHIBITORS","ORAL.SOLID","199.0","",""
"1150","ANDOFLOZIN XR 25/1000 MG 20 F.C. TABS.","أندوفلوزين كسر 25 25/1000 قرص","EMPAGLIFLOZIN+METFORMIN","ANDALOUS PHARMA","ANTI-DIABETIC.SECRETAGOGUES.SGLT2 INHIBITORS","ORAL.SOLID","258.0","",""
"1151","ANDOFURYL 100 MG 30 CAPS.","أندوفوريل","NAFTIDROFURYL","ANDALOUS PHARMA","ANTI-ISCHEMIC","ORAL.SOLID","34.5","",""
"1152","ANDOGABLIN 75MG 20 CAPS.","أندوجابلين","PREGABALIN","ANDALOUS PHARMA","ANTI-EPILEPTIC.GABA ANALOGS","ORAL.SOLID","74.0","",""
"1153","ANDOGLYCEMIC XR 1000MG 20 EXT. REL. TABS.","أندوجليسيميك كسر 20 إكست. ريل","METFORMIN HYDROCHLORIDE","ANDALOUS PHARMA","ANTI-DIABETIC.SENSITIZERS.BIGUANIDE","ORAL.SOLID","24.0","",""
"1154","ANDOGLYCEMIC XR 500MG 30 EXT. REL. TABS.","أندوجليسيميك كسر 30 إكست. ريل","METFORMIN HYDROCHLORIDE","ANDALOUS PHARMA","ANTI-DIABETIC.SENSITIZERS.BIGUANIDE","ORAL.SOLID","24.0","",""
"1155","ANDOGONIUM SYRUP 100 ML","أندوجونيوم","PELARGONIUM ROOT DRY EXTRACT","COPAD EGYPT > ANDALOUS PHARMA","COLD PRODUCTS","ORAL.LIQUID","33.0","",""
"1156","ANDOHEPASUVIR 400MG 28 TAB","أندوهيباسوفير","SOFOSBUVIR","ANDALOUS PHARMA","ANTI-VIRAL","ORAL.SOLID","900.0","",""
"1157","ANDOLEPSY 10 MG 30 F.C. TABS.","أندوليبسي أقراص مغلفة","BRIVARACETAM","ANDALOUS PHARMA","ANTI-EPILEPTIC.SV2A LIGANDS","ORAL.SOLID","105.0","",""
"1158","ANDOLEPSY 100 MG 30 F.C. TABS.","أندوليبسي أقراص مغلفة","BRIVARACETAM","ANDALOUS PHARMA","ANTI-EPILEPTIC.SV2A LIGANDS","ORAL.SOLID","273.0","",""
"1159","ANDOLEPSY 25 MG 10 F.C. TABS.","أندوليبسي أقراص مغلفة","BRIVARACETAM","ANDALOUS PHARMA","ANTI-EPILEPTIC.SV2A LIGANDS","ORAL.SOLID","68.0","",""
"1160","ANDOLEPSY 50 MG 30 F.C. TABS.","أندوليبسي أقراص مغلفة","BRIVARACETAM","ANDALOUS PHARMA","ANTI-EPILEPTIC.SV2A LIGANDS","ORAL.SOLID","228.0","",""
"1161","ANDOMATOID 2 MG 28 F.C.TABS.","أندوماتويد","BARICITINIB","EVA PHARMA > ANDALOUS PHARMA","JANUS KINASE (JAK) INHIBITOR","ORAL.SOLID","1100.0","",""
"1162","ANDOMATOID 4 MG 28 F.C.TABS.","أندوماتويد","BARICITINIB","EVA PHARMA > ANDALOUS PHARMA","JANUS KINASE (JAK) INHIBITOR","ORAL.SOLID","2200.0","",""
"1163","ANDOMETAGLIP 2.5/1000MG 20 EXT. REL. F.C. TABS.","أندوميتاجليب 2.5 2.5/1000 قرص","LINAGLIPTIN+METFORMIN","ANDALOUS PHARMA","ANTI-DIABETIC.SECRETAGOGUES.DPP-4 INHIBITORS","ORAL.SOLID","111.0","",""
"1164","ANDOMETAGLIP 5/1000MG 20 EXT. REL. F.C. TABS.","أندوميتاجليب 5 5/1000 قرص","LINAGLIPTIN+METFORMIN","ANDALOUS PHARMA","ANTI-DIABETIC.SECRETAGOGUES.DPP-4 INHIBITORS","ORAL.SOLID","132.0","",""
"1165","ANDOMILAST 0.5 MG 20 TABS.","أندوميلاست","ROFLUMILAST","ANDALOUS PHARMA","PDE-4 INHIBITOR","ORAL.SOLID","44.0","",""
"1166","ANDOPENTENE XR 300 MG 20 F.C. TABS.","أندوبينتين كسر أقراص مغلفة","GABAPENTIN","ANDALOUS PHARMA","ANTI-EPILEPTIC.GABA ANALOGS","ORAL.SOLID","90.0","",""
"1167","ANDOPENTENE XR 300 MG 30 F.C. TABS.","أندوبينتين كسر أقراص مغلفة","GABAPENTIN","ANDALOUS PHARMA","ANTI-EPILEPTIC.GABA ANALOGS","ORAL.SOLID","135.0","",""
"1168","ANDOPENTENE XR 600 MG 20 F.C. TABS.","أندوبينتين كسر أقراص مغلفة","GABAPENTIN","ANDALOUS PHARMA","ANTI-EPILEPTIC.GABA ANALOGS","ORAL.SOLID","198.0","",""
"1169","ANDOPENTENE XR 600 MG 30 F.C. TABS.","أندوبينتين كسر أقراص مغلفة","GABAPENTIN","ANDALOUS PHARMA","ANTI-EPILEPTIC.GABA ANALOGS","ORAL.SOLID","198.0","",""
"1170","ANDOPOXETINE 30 MG 3 F.C.TABS. (N/A)","أندوبوكسيتين","DAPOXETINE","INTERNATIONAL DRUG INDUSTRIES > ANDALOUS PHARMA","PREMATURE EJACULATION","ORAL.SOLID","28.5","",""
"1171","ANDOPOXETINE 60 MG 3 F.C. TABS.","أندوبوكسيتين أقراص مغلفة","DAPOXETINE","INTERNATIONAL DRUG INDUSTRIES > ANDALOUS PHARMA","PREMATURE EJACULATION","ORAL.SOLID","39.0","",""
"1172","ANDOPOXETINE 60 MG 6 F.C. TABS.","أندوبوكسيتين أقراص مغلفة","DAPOXETINE","INTERNATIONAL DRUG INDUSTRIES > ANDALOUS PHARMA","PREMATURE EJACULATION","ORAL.SOLID","116.0","",""
"1173","ANDORASIROX 500MG 20TABS. FOR ORAL SUSP.","أندوراسيروكس . فموي","DEFERASIROX","ANDALOUS PHARMA","ORAL IRON CHELATING AGENTS","ORAL.LIQUID","1530.0","",""
"1174","ANDORIVABAN 10 MG 20 TABS","أندوريفابان","RIVAROXABAN","ANDALOUS PHARMA","ANTIPLATLET.DIRECT FACTOR XA INHIBITOR","ORAL.SOLID","152.0","",""
"1175","ANDORIVABAN 15 MG 20 TABS","أندوريفابان","RIVAROXABAN","ANDALOUS PHARMA","ANTIPLATLET.DIRECT FACTOR XA INHIBITOR","ORAL.SOLID","260.0","",""
"1176","ANDORIVABAN 2.5 MG 20 F.C.TABS.","أندوريفابان","RIVAROXABAN","ANDALOUS PHARMA","ANTIPLATLET.DIRECT FACTOR XA INHIBITOR","ORAL.SOLID","64.0","",""
"1177","ANDORIVABAN 20 MG 20 F.C. TABS.","أندوريفابان أقراص مغلفة","RIVAROXABAN","ANDALOUS PHARMA","ANTIPLATLET.DIRECT FACTOR XA INHIBITOR","ORAL.SOLID","260.0","",""
"1178","ANDOURISTAT 120 MG 20 F.C. TABLETS","أندوريستات","FEBUXOSTAT","ANDALOUS PHARMA","ANTIGOUT","ORAL.SOLID","104.0","",""
"1179","ANDOURISTAT 80 MG 20 F.C. TABLETS","أندوريستات","FEBUXOSTAT","ANDALOUS PHARMA","ANTIGOUT","ORAL.SOLID","80.0","",""
"1180","ANDOVIMPAMIDE 100 MG 20 TABS.","أندوفيمباميد","LACOSAMIDE","ANDALOUS PHARMA","ANTI-EPILEPTIC","ORAL.SOLID","120.0","",""
"1181","ANDOVIMPAMIDE 100 MG 30 TABS.","أندوفيمباميد","LACOSAMIDE","ANDALOUS PHARMA","ANTI-EPILEPTIC","ORAL.SOLID","273.0","",""
"1182","ANDOVIMPAMIDE 10MG/ML SYRUP 100 ML","أندوفيمباميدي /مل","LACOSAMIDE","ANDALOUS PHARMA","ANTI-EPILEPTIC","ORAL.LIQUID","71.0","",""
"1183","ANDOVIMPAMIDE 150 MG 10 TABS. (N/A YET)","أندوفيمباميد","LACOSAMIDE","ANDALOUS PHARMA","ANTI-EPILEPTIC","ORAL.SOLID","75.25","",""
"1184","ANDOVIMPAMIDE 200 MG 10 TABS. (N/A YET)","أندوفيمباميد","LACOSAMIDE","ANDALOUS PHARMA","ANTI-EPILEPTIC","ORAL.SOLID","92.5","",""
"1185","ANDOVIMPAMIDE 200 MG I.V. INF. VIAL","أندوفيمباميد","LACOSAMIDE","SIGMATEC > ANDALOUS PHARMA","ANTI-EPILEPTIC","INJECTION","17.64","",""
"1186","ANDOVIMPAMIDE 50 MG 30 TABS.","أندوفيمباميد","LACOSAMIDE","ANDALOUS PHARMA","ANTI-EPILEPTIC","ORAL.SOLID","151.5","",""
"1187","ANDOVIT IMMUNE VIT. C 1000 MG 20 TABS.","أندوفيت إممون فيت. ك","VITAMIN C+VITAMIN D3+ZINC","ANDALOUS PHARMA","MULTIVITAMIN","ORAL.SOLID","60.0","",""
"1188","ANDOVIT IMMUNE VIT. C 500 MG 20 TABS.","أندوفيت إممون فيت. ك","VITAMIN C+VITAMIN D3+ZINC","ANDALOUS PHARMA","MULTIVITAMIN","ORAL.SOLID","52.0","",""
"1189","ANDOVIT IRON 20 TABS.","أندوفيت إرون","IRON","ANDALOUS PHARMA","IRON SUPPLEMENT","ORAL.SOLID","59.0","",""
"1190","ANDOVIT IRON PLUS SUSP. 100 ML","أندوفيت إرون بلوس","","ANDALOUS PHARMA","IRON SUPPLEMENT","ORAL.LIQUID","130.0","",""
"1191","ANDOVIT NEURO 20 F.C. TABS.","أندوفيت نيورو أقراص مغلفة","BENFOTIAMINE+CYANOCOBALAMINE+PYRIDOXINE","ANDALOUS PHARMA","VITAMIN B","ORAL.SOLID","130.0","",""
"1192","ANDOVIT NEURO PLUS 30 F.C. TABS.","أندوفيت نيورو بلوس أقراص مغلفة","THIOCTIC ACID(ALPHA LIPOIC ACID)+BENFOTIAMINE+CYANOCOBALAMINE+PYRIDOXINE","ANDALOUS PHARMA","VITAMIN B","ORAL.SOLID","360.0","",""
"1193","ANDOVIT OMEGA 20 CAPS.","أندوفيت أوميجا","OMEGA 3-6-9 BLEND(FISH OIL+LINSEED OIL+VITAMIN E+BORAGE OIL)","ANDALOUS PHARMA","omega 3","ORAL.SOLID","59.0","",""
"1194","ANDOXEZINE 150 MG 30 F.C. TABS.","أندوكسيزين أقراص مغلفة","OXCARBAZEPINE","ANDALOUS PHARMA","ANTI-EPILEPTIC.CARBOXAMIDES","ORAL.SOLID","43.5","",""
"1195","ANDOXEZINE 300 MG 30 F.C. TABS.","أندوكسيزين أقراص مغلفة","OXCARBAZEPINE","ANDALOUS PHARMA","ANTI-EPILEPTIC.CARBOXAMIDES","ORAL.SOLID","37.5","",""
"1197","ANDRIN EYE CONTOUR CREAM 30 GM","أندرين قطرة عين كونتور","","HI-CARE > NP PHARMACEUTICALS","EYE CONTOUR","TOPICAL","120.0","",""
"1198","ANDRIOL 40MG 20 CAPS","أندريول","TESTOSTERONE","SEDICO > SCHERING PLOUGH","ANDROGEN","ORAL.SOLID","40.0","",""
"1199","ANDROCUR 50MG 20 TAB.","أندروكور","CYPROTERONE","BAYER SCHERING > BAYER HEALTHCARE","ANTIANDROGEN","ORAL.SOLID","120.1","",""
"1200","ANDROMEN 40MG 20 S.G. CAPS. (N/A)","أندرومين 20 س.ج","TESTOSTERONE UNDECANOATE","DELTA PHARMA","ANDROGEN","ORAL.SOLID","26.4","",""
"1201","ANDROPALMETTO 40 CAPSULES","أندروبالميتتو","SAW PALMETTO EXTTRACT+SELENIUM+ZINC+B-SITOSTEROL+LYCOPENE","LIFE SAVER > TOTAL FUTURE","DIETARY SUPPLEMENT","ORAL.SOLID","360.0","",""
"1202","ANDROXINE 250MG 10 TAB.","أندروكسين","FLUTAMIDE","SIGMA","HIRSUTISM","ORAL.SOLID","35.0","",""
"1203","ANDY 10 SACHETS","أندي","CHAMOMILE+GINGER+ANISE+BROMELAIN+FENNEL+PEPPERMENT+PAPAIN.","MED CARE-ELOBOUR > J.C.PHARMA","GIT DISTURBANCE","EFF","40.0","",""
"1204","ANESTACON 2MG/ML (100ML) I.V. INFUSION","أنيستاكون /مل","FLUCONAZOLE","GRAND PHARMA > VODACHEM","ANTIFUNGALS.TRIAZOLES","INJECTION","56.0","",""
"1205","ANESTACON 2MG/ML (25ML) I.V. INFUSION","أنيستاكون /مل","FLUCONAZOLE","GRAND PHARMA > VODACHEM","ANTIFUNGALS.TRIAZOLES","INJECTION","16.8","",""
"1206","ANESTACON 2MG/ML (50ML) I.V. INFUSION","أنيستاكون /مل","FLUCONAZOLE","GRAND PHARMA > VODACHEM","ANTIFUNGALS.TRIAZOLES","INJECTION","30.0","",""
"1207","ANESTY 2% TOPICAL GEL 15GM","أنيستي 2%","FUSIDIC ACID","MARCYRL PHARMACEUTICAL INDUSTRIES (MPI)","TOPICAL ANTIBIOTIC","TOPICAL","8.5","",""
"1208","ANEXATE 0.5MG/5ML 5 I.V. AMPS.","أنيكسات أمبول","FLUMAZENIL","CHEPLAPHARM > EGYPTIAN PHARMACEUTICAL TRADING COMPANY","ANTIDOTE.BENZODIAZEPINE OVERDOSES.GABA MODULATORS","INJECTION","2045.0","",""
"1209","ANEXNIL 0.5MG/5ML 5 I.V. AMPS. (N/A)","أنيكسنيل أمبول","FLUMAZENIL","DELTA PHARMA","ANTIDOTE.BENZODIAZEPINE OVERDOSES.GABA MODULATORS","INJECTION","300.0","",""
"1210","ANGIFLASH SORE THROAT SPRAY 20 ML","أنجيفلاش سوري ثروات","HYPERTONIC SEAWATER 2.2%+VEGETABLE GLYCERINE+ACACIA HONEY+PROPOLIS EXTRACT","LABORATOIRE DE LA MER > STAR INTERNATIONAL COMPANY","ORAL CARE","SPRAY","270.0","",""
"1211","ANGIGUARD 1000 MG 60 EXT. REL. TABS.","أنجيجوارد 60 إكست. ريل","RANOLAZINE","MARCYRL PHARMACEUTICAL INDUSTRIES (MPI)","ANTI ANGINA","ORAL.SOLID","894.0","",""
"1212","ANGIGUARD 500 MG 60 EXT. REL. TABS.","أنجيجوارد 60 إكست. ريل","RANOLAZINE","MARCYRL PHARMACEUTICAL INDUSTRIES (MPI)","ANTI ANGINA","ORAL.SOLID","546.0","",""
"1213","ANGIKINASE 100 000 I.U. VIAL","أنجيكيناس 100 000 إ.أو","UROKINASE","SEDICO","THROMBOLYTIC AGENT","INJECTION","180.0","",""
"1214","ANGIKINASE 250 000 I.U. VIAL","أنجيكيناس 250 000 إ.أو","UROKINASE","SEDICO","THROMBOLYTIC AGENT","INJECTION","400.0","",""
"1215","ANGIKINASE 500 000 I.U. VIAL","أنجيكيناس 500 000 إ.أو","UROKINASE","SEDICO","THROMBOLYTIC AGENT","INJECTION","630.0","",""
"1216","ANGILOW 10 MG 30 TABS.","أنجيلوو","NICORANDIL","ADWIA > TABUK PHARMA","ANTI-ISCHEMIC","ORAL.SOLID","87.0","",""
"1217","ANGILOW 20 MG 30 TABS.","أنجيلوو","NICORANDIL","ADWIA > TABUK PHARMA","ANTI-ISCHEMIC","ORAL.SOLID","144.0","",""
"1218","ANGIOBLOCK 150/12.5 MG 30 F.C. TABS.","أنجيوبلوك 150 150/12.5 قرص","HYDROCHLOROTHIAZIDE+IRBESARTAN","GLOBAL NAPI PHARMACEUTICALS > GLOBAL ADVANCED PHARMACEUTICALS (GAP)","ANTI-HYPERTENSIVE. COMBINED ANGIOTENSIN BLOCKER WITH DIURETIC","ORAL.SOLID","111.0","",""
"1219","ANGIOBLOCK 300/12.5 MG 30 F.C. TABS.","أنجيوبلوك 300 300/12.5 قرص","HYDROCHLOROTHIAZIDE+IRBESARTAN","GLOBAL NAPI PHARMACEUTICALS > GLOBAL ADVANCED PHARMACEUTICALS (GAP)","ANTI-HYPERTENSIVE. COMBINED ANGIOTENSIN BLOCKER WITH DIURETIC","ORAL.SOLID","159.0","",""
"1220","ANGIOBLOCK 300/25 MG 30 F.C. TABS.","أنجيوبلوك 300 300/25 قرص","HYDROCHLOROTHIAZIDE+IRBESARTAN","GLOBAL NAPI PHARMACEUTICALS > GLOBAL ADVANCED PHARMACEUTICALS (GAP)","ANTI-HYPERTENSIVE. COMBINED ANGIOTENSIN BLOCKER WITH DIURETIC","ORAL.SOLID","162.0","",""
"1221","ANGIOBLOCK MONO 150 MG 30 F.C. TABS.","أنجيوبلوك مونو أقراص مغلفة","IRBESARTAN","GLOBAL NAPI PHARMACEUTICALS > GLOBAL ADVANCED PHARMACEUTICALS (GAP)","ANTI-HYPERTENSIVE.ANGIOTENSIN BLOCKER","ORAL.SOLID","79.5","",""
"1222","ANGIOBLOCK MONO 300 MG 30 F.C. TABS.","أنجيوبلوك مونو أقراص مغلفة","IRBESARTAN","GLOBAL NAPI PHARMACEUTICALS > GLOBAL ADVANCED PHARMACEUTICALS (GAP)","ANTI-HYPERTENSIVE.ANGIOTENSIN BLOCKER","ORAL.SOLID","112.5","",""
"1223","ANGIOBLOCK MONO 75 MG 21 F.C. TABS.","أنجيوبلوك مونو أقراص مغلفة","IRBESARTAN","GLOBAL NAPI PHARMACEUTICALS > GLOBAL ADVANCED PHARMACEUTICALS (GAP)","ANTI-HYPERTENSIVE.ANGIOTENSIN BLOCKER","ORAL.SOLID","48.0","",""
"1224","ANGIOBRADINE 5 MG 30 SCORED F.C.TABS.","أنجيوبرادين 30 مسجلة","IVABRADINE","FUTURE PHARMACEUTICAL INDUSTRIES (FPI) > TABUK PHARMA","ANTI-ISCHEMIC","ORAL.SOLID","166.0","",""
"1225","ANGIOBRADINE 7.5 MG 30 F.C. TABS.","أنجيوبرادين أقراص مغلفة","IVABRADINE","FUTURE PHARMACEUTICAL INDUSTRIES (FPI) > TABUK PHARMA","ANTI-ISCHEMIC","ORAL.SOLID","175.5","",""
"1226","ANGIOFOX (EFFOX) 20 MG 20 TABS.","أنجيوفوكس","ISOSORBIDE-5-MONONITRATE","MINA PHARM","ANTIANGINA","ORAL.SOLID","46.0","",""
"1227","ANGIOFOX (EFFOX) 25MG LONG 30 CAPS.","أنجيوفوكس لونج","ISOSORBIDE-5-MONONITRATE","MINA PHARM","ANTIANGINAL","ORAL.SOLID","114.0","",""
"1228","ANGIOFOX (EFFOX) 40 MG 20 TABS.","أنجيوفوكس","ISOSORBIDE-5-MONONITRATE","MINA PHARM","ANTIANGINA","ORAL.SOLID","28.0","",""
"1229","ANGIOFOX (EFFOX) 50MG LONG 20 CAPS.","أنجيوفوكس لونج","ISOSORBIDE-5-MONONITRATE","MINA PHARM","ANTIANGINAL","ORAL.SOLID","132.0","",""
"1230","ANGIOPRESS 25MG 10 TAB.","أنجيوبريسس","CAPTOPRIL","PHAROPHARMA","ANTI-HYPERTENSIVE.ACE","ORAL.SOLID","5.0","",""
"1231","ANGIOPRESS 50MG 10 TAB.","أنجيوبريسس","CAPTOPRIL","PHAROPHARMA","ANTI-HYPERTENSIVE.ACE","ORAL.SOLID","7.0","",""
"1232","ANGIOPRESS COMP 50/25MG 30 TAB.","أنجيوبريسس كومب 50 50/25 قرص","CAPTOPRIL+HYDROCHLOROTHIAZIDE","PHAROPHARMA","ANTI-HYPERTENSIVE.COMBINED ACE WITH DIURETIC","ORAL.SOLID","20.4","",""
"1233","ANGIOSARTAN 10MG 28 F.C. TABS.","أنجيوسارتان أقراص مغلفة","OLMESARTAN","CHEMIPHARM","ANTI-HYPERTENSIVE.ANGIOTENSIN BLOCKER","ORAL.SOLID","64.0","",""
"1234","ANGIOSARTAN 20MG 28 F.C. TABS.","أنجيوسارتان أقراص مغلفة","OLMESARTAN","CHEMIPHARM","ANTI-HYPERTENSIVE.ANGIOTENSIN BLOCKER","ORAL.SOLID","72.0","",""
"1235","ANGIOSARTAN 40MG 28 F.C. TABS.","أنجيوسارتان أقراص مغلفة","OLMESARTAN","CHEMIPHARM","ANTI-HYPERTENSIVE.ANGIOTENSIN BLOCKER","ORAL.SOLID","92.0","",""
"1236","ANGIOSARTAN PLUS 20/12.5MG 28 F.C. TABS.","أنجيوسارتان بلوس 20 20/12.5 قرص","HYDROCHLOROTHIAZIDE+OLMESARTAN","CHEMIPHARM","ANTI-HYPERTENSIVE. COMBINED ANGIOTENSIN BLOCKER WITH DIURETIC","ORAL.SOLID","88.0","",""
"1237","ANGIOSARTAN PLUS 20/25 MG 28 F.C. TABS.","أنجيوسارتان بلوس 20 20/25 قرص","HYDROCHLOROTHIAZIDE+OLMESARTAN","CHEMIPHARM","ANTI-HYPERTENSIVE. COMBINED ANGIOTENSIN BLOCKER WITH DIURETIC","ORAL.SOLID","88.0","",""
"1238","ANGIOSARTAN PLUS 40/12.5MG 28 F.C. TABS.","أنجيوسارتان بلوس 40 40/12.5 قرص","HYDROCHLOROTHIAZIDE+OLMESARTAN","CHEMIPHARM","ANTI-HYPERTENSIVE. COMBINED ANGIOTENSIN BLOCKER WITH DIURETIC","ORAL.SOLID","104.0","",""
"1239","ANGIOSARTAN PLUS 40/25MG 28 F.C. TABS.","أنجيوسارتان بلوس 40 40/25 قرص","HYDROCHLOROTHIAZIDE+OLMESARTAN","CHEMIPHARM","ANTI-HYPERTENSIVE. COMBINED ANGIOTENSIN BLOCKER WITH DIURETIC","ORAL.SOLID","108.0","",""
"1240","ANGIOVAN 5MG 20 TAB.","أنجيوفان","VINPOCETINE","MUP","NOOTROPIC","ORAL.SOLID","10.0","",""
"1241","ANGIPROTECT 20 MG 20 TABS.","أنجيبروتيكت","NICORANDIL","FUTURE PHARMACEUTICAL INDUSTRIES (FPI)","ANTI-ISCHEMIC","ORAL.SOLID","21.0","",""
"1242","ANGITECT 60MG 20 F.C.TAB. (N/A)","أنجيتيكت","DILTIAZEM","MARCYRL PHARMACEUTICAL INDUSTRIES (MPI)","ANTIHYPERTENSIVE.NONSELECTIVE CALCIUM CHANNEL BLOCKER","ORAL.SOLID","11.5","",""
"1243","ANGOSMOOTH 75MG 30 F.C. TABS.","أنجوسموث أقراص مغلفة","CLOPIDOGREL","MASH PREMIERE","ANTIPLATLET.ADP RECEPTOR BLOCKER","ORAL.SOLID","108.0","",""
"1244","ANICREPTO 50 GM CREAM","أنيكريبتو","GTN+TANNIC ACID+LIDOCAINE+CHLORHEXIDINE+ZINC OXIDE+PANTHENOL+CHAMOMILE+GLYCERIN+CLOVE EXTRACT+VITAMIN E","NILE COSMETICS > VITOCARE PHARMACEUTICAL","ANAL FISSURE","TOPICAL","130.0","",""
"1245","ANIKA HAIR CONDITIONER 250 ML","أنيكا هير كونديتيونير","PUMPKIN OIL+SILICON OIL+PANTHENOL+LANOLIN+KERATIN+JOJOBA OIL+SESAME OIL+ALMOND OIL","COSMOPACK FOR COSMETICS > CARE MID-EAST PHARMA","HAIR CARE","UNKNOWN","89.0","",""
"1246","ANIKA HAIR SERUM 75 ML","أنيكا هير سيروم","","COSMOPACK FOR COSMETICS > CARE MID-EAST PHARMA","HAIR CARE","UNKNOWN","89.0","",""
"1247","ANIKA HAIR SHAMPOO 250 ML","أنيكا هير","GLYCERIN+ALMOND OIL+ALOE VERA+PANTHENOL+CAFFEINE+JOJOBA OIL+SESAME OIL+KERATIN+SILICON OIL","COSMOPACK FOR COSMETICS > CARE MID-EAST PHARMA","HAIR CARE","TOPICAL","98.0","",""
"1248","ANISTAREEZ 120ML SYRUP","أنيستاريز","ANISE EXTRACT+CHICORY EXTRACT+FENNEL EXTRACT+VITAMINS","ORGANIX > SAMANTA GROUP","DIETARY SUPPLEMENT","ORAL.LIQUID","70.0","",""
"1249","ANIVAGENE AMPOULES MAN 14*2.5ML","أنيفاجيني مان 14","","ANIVA INTERNATIONAL S.A. > BIOTECH EGYPT","HAIR CARE","INJECTION","499.0","",""
"1250","ANIVAGENE AMPOULES WOMAN 14*2.5ML","أنيفاجيني وومان 14","","ANIVA INTERNATIONAL S.A. > BIOTECH EGYPT","HAIR CARE","INJECTION","899.0","",""
"1251","ANIVAGENE ANTI-DANDRUFF SHAMPOO 200 ML","أنيفاجيني أنتي-داندروفف","","ANIVA INTERNATIONAL S.A. > BIOTECH EGYPT","HAIR CARE","TOPICAL","199.0","",""
"1252","ANIVAGENE CONDITIONER 125 ML","أنيفاجيني كونديتيونير","","ANIVA INTERNATIONAL S.A. > BIOTECH EGYPT","HAIR CARE","UNKNOWN","379.0","",""
"1253","ANIVAGENE EYELASH SERUM 10 ML","أنيفاجيني إييلاش سيروم","","ANIVA INTERNATIONAL S.A. > BIOTECH EGYPT","SKIN CARE","UNKNOWN","455.0","",""
"1254","ANIVAGENE HAIR MASK 125 ML","أنيفاجيني هير ماسك","","ANIVA INTERNATIONAL S.A. > BIOTECH EGYPT","HAIR CARE","UNKNOWN","599.0","",""
"1255","ANIVAGENE SHAMPOO MAN 200 ML","أنيفاجيني مان","","ANIVA INTERNATIONAL S.A. > BIOTECH EGYPT","HAIR CARE","TOPICAL","195.0","",""
"1256","ANIVAGENE SHAMPOO WOMAN 200 ML","أنيفاجيني وومان","","ANIVA INTERNATIONAL S.A. > BIOTECH EGYPT","HAIR CARE","TOPICAL","379.0","",""
"1257","ANONA CARE HAIR OIL 200 ML","أنونا كاري هير أويل","COCONUT OIL+OLIVE OIL+ALMOND OIL+CORN OIL+CASTOR OIL","DEBEIKY > API PHARMA","HAIR CARE","UNKNOWN","185.0","",""
"1258","ANONA HAIR ANTIFRIZZ SERUM 250 ML","أنونا هير أنتيفريزز سيروم","","DEBEIKY > API PHARMA","HAIR CARE","UNKNOWN","240.0","",""
"1259","ANONA HAIR LOTION 120 ML","أنونا هير","CAFFEINE+ROSEMARY+THYME+FENUGREEK+WHEAT GERM+AMLA+PANTHENOL+ALOE VERA+GLYCERIN+JOJOBA+OLIVE+CHAMOMILE","DEBEIKY > API PHARMA","HAIR CARE","UNKNOWN","150.0","",""
"1260","ANONA VAGINAL WASH 120 ML","أنونا واش","PROPOLIS+ALLANTOIN+TEA TREE OIL+GRAPE FRUIT EXT.+CALENDULA EXT.","DEBEIKY > API PHARMA","VAGINAL WASH","VAGINAL","65.0","",""
"1261","ANORO ELLIPTA 62.5/25MCG INHALER 30 METERED DOSES","أنورو إلليبتا 62.5 62.5/25","UMECLIDINIUM+VILANTEROL","GLAXO SMITHKLINE > MODERN PHARMA","BRONCHODILATOR.ANTICHOLINERGIC AND LONG-ACTING BETA2 AGONIST","INHALATION","850.0","",""
"1262","ANOVCA CREAM 50 GM","أنوفكا","ZINC OXIDE+OLIVE OIL+JOJOBA OIL+ALOVERA EXTRACT+ALLANTOIN+TOCOFEROL+DIMETHICONE+CHAMOMIL EXTRACT+GLYCERIN","COSMOPACK > INNOVAKA PHARMA","DIABER RASH CREAM","TOPICAL","39.5","",""
"1263","ANOVCA TOOTH GEL 30 GM","أنوفكا توث","THYME+CLOVE+CHLOHEXIDINE+MENTHOL","COSMOPACK > INNOVAKA","TOOTH GEL","TOPICAL","59.0","",""
"1264","ANOXICAM 20 MG 10 SUPP.","أنوكسيكام 10 لبوس","TENOXICAM","MARCYRL PHARMACEUTICAL INDUSTRIES (MPI)","NSAID.OXICAM","RECTAL","34.0","",""
"1265","ANOXICAM 20 MG 20 TAB.","أنوكسيكام","TENOXICAM","MARCYRL PHARMACEUTICAL INDUSTRIES (MPI)","NSAID.OXICAM","ORAL.SOLID","60.0","",""
"1266","ANSCHLARIN SYRUP 120 ML","أنشلارين","IRON","AVERROES PHARMA-EGYPT","ANEMIA.IRON SUPPLEMENT","ORAL.LIQUID","10.5","",""
"1267","ANSELACOX 120 MG 10 F.C.TABS.","أنسيلاكوكس","ETORICOXIB","EVA PHARMA","NSAID.SELECTIVE COX-2 INHIBITORS","ORAL.SOLID","120.0","",""
"1268","ANSELACOX 30 MG 10 F.C.TABS.","أنسيلاكوكس","ETORICOXIB","EVA PHARMA","NSAID.SELECTIVE COX-2 INHIBITORS","ORAL.SOLID","39.0","",""
"1269","ANSELACOX 60 MG 30 F.C.TABS.","أنسيلاكوكس","ETORICOXIB","EVA PHARMA","NSAID.SELECTIVE COX-2 INHIBITORS","ORAL.SOLID","222.0","",""
"1270","ANSELACOX 90 MG 30 F.C.TABS.","أنسيلاكوكس","ETORICOXIB","EVA PHARMA","NSAID.SELECTIVE COX-2 INHIBITORS","ORAL.SOLID","315.0","",""
"1271","ANSELAFIL 10MG/ML PWD. FOR ORAL SUSP. 120 ML","أنسيلافيل /مل بود. فموي","SILDENAFIL","EVA PHARMA","SEXUAL TONIC","ORAL.LIQUID","98.0","",""
"1272","ANTACID-JEDCO 480MG 20 CHEWABLE TAB.","أنتاسيد-جيدكو 20 تشيوابل","MAGALDRATE","JEDCO INT. CO. FOR PHARMACEUTICALS","ANTACID","ORAL.SOLID","6.5","",""
"1273","ANTAFREX 120ML SYRUP","أنتافريكس","IVY LEAF EXTRACT","ORGANIX > THREE MED PHARMA","ANTI COUGH","ORAL.LIQUID","60.0","",""
"1274","ANTHELIOS DERMO-PEDIATRICS SPF 50+ LOTION 200 ML","أنثيليوس ديرمو-بيدياتريكس سبف 50+","","LA ROCHE-POSAY > UNITED COMPANY FOR DISTRIBUTION","SUN BLOCK","UNKNOWN","325.0","",""
"1275","ANTHELIOS DERMO-PEDIATRICS SPF 50+ SPRAY 200 ML","أنثيليوس ديرمو-بيدياتريكس سبف 50+","","LA ROCHE-POSAY > UNITED COMPANY FOR DISTRIBUTION","SUN BLOCK","SPRAY","499.0","",""
"1276","ANTHELIOS HYDRATING CREAM SPF50 - 50 ML","أنثيليوس هيدراتينج سبف50","SUN PROTECTION FORMULA","LA ROCHE-POSAY > UNITED COMPANY FOR DISTRIBUTION","SUN BLOCK","TOPICAL","329.0","",""
"1277","ANTHELIOS SPF 50 INVISIBLE FACE MIST 75 ML","أنثيليوس سبف 50 إنفيسيبلي فاسي ميست","","LA ROCHE-POSAY > UNITED COMPANY FOR DISTRIBUTION","SUN BLOCK","SPRAY","299.0","",""
"1278","ANTHELIOS SPF 50 SMOOTHING OPTICAL BLUR 40 ML","أنثيليوس سبف 50 سموثينج أوبتيكال بلور","","LA ROCHE-POSAY > UNITED COMPANY FOR DISTRIBUTION","SUN BLOCK","TOPICAL","289.0","",""
"1279","ANTHELIOS XL SPF 50+ BB CREAM COMFORT 50 ML","أنثيليوس كسل سبف 50+ بب كومفورت","SUN PROTECTION FORMULA","LA ROCHE-POSAY > UNITED COMPANY FOR DISTRIBUTION","SUN BLOCK","TOPICAL","289.0","",""
"1280","ANTHELIOS XL SPF 50+ CREAM COMFORT 50 ML","أنثيليوس كسل سبف 50+ كومفورت","SUN PROTECTION FORMULA","LA ROCHE-POSAY > UNITED COMPANY FOR DISTRIBUTION","SUN BLOCK","TOPICAL","325.0","",""
"1281","ANTHELIOS XL SPF 50+ DRY TOUCH GEL-CREAM 50 ML","أنثيليوس كسل سبف 50+ دري توتش","","LA ROCHE-POSAY > UNITED COMPANY FOR DISTRIBUTION","SUN BLOCK","TOPICAL","1070.0","",""
"1282","ANTHELIOS XL SPF 50+ FLUID 50 ML","أنثيليوس كسل سبف 50+ فلويد","","LA ROCHE-POSAY > UNITED COMPANY FOR DISTRIBUTION","SUN BLOCK","UNKNOWN","325.0","",""
"1283","ANTHELIOS XL SPF 50+ INVISIBLE MIST SPRAY 200 ML","أنثيليوس كسل سبف 50+ إنفيسيبلي ميست","SUN PROTECTION FORMULA","LA ROCHE-POSAY > UNITED COMPANY FOR DISTRIBUTION","SUN BLOCK","TOPICAL","499.0","",""
"1284","ANTHELIOS XL SPF 50+ LAIT (LOTION) 100 ML","أنثيليوس كسل سبف 50+ لايت","","LA ROCHE-POSAY > UNITED COMPANY FOR DISTRIBUTION","SUN BLOCK","UNKNOWN","399.0","",""
"1285","ANTHELIOS XL SPF 50+ NUTRITIVE OIL 200 ML","أنثيليوس كسل سبف 50+ نوتريتيفي أويل","","LA ROCHE-POSAY > UNITED COMPANY FOR DISTRIBUTION","SUN BLOCK","UNKNOWN","299.0","",""
"1286","ANTHELIOS XL SPF 50+ TINTED FLUID 50 ML","أنثيليوس كسل سبف 50+ تينتيد فلويد","","LA ROCHE-POSAY > UNITED COMPANY FOR DISTRIBUTION","SUN BLOCK","UNKNOWN","339.0","",""
"1287","ANTHELMIN 100MG/5ML SUSP. 30ML","أنثيلمين 100مجم/5مل","MEBENDAZOLE","PHARCO","ANTHELMINTIC","ORAL.LIQUID","3.5","",""
"1288","ANTHRAMASH 1% CREAM 20 GM","أنثراماش 1%","ANTHRALIN","DEBEIKY > MASH PREMIERE","PSORIASIS","TOPICAL","18.0","",""
"1289","ANTHRAWEST 1% CREAM 20 GM","أنثراويست 1%","ANTHRALIN","WESTERN PHARMACEUTICALS INDUSTRIES > WESTERN PHARMA","PSORIASI","TOPICAL","18.0","",""
"1291","ANTI DEP 150 MG 20 CAPS.","أنتي ديب","HYPERICUM","MEPACO","PSYCHIATRIC.MOOD STABILIZERS","ORAL.SOLID","8.0","",""
"1292","ANTI-COX II 15MG 10 SUPP.","أنتي-كوكس إي 10 لبوس","MELOXICAM","ADWIA","NSAID.OXICAM","RECTAL","25.5","",""
"1293","ANTI-COX II 15MG 20 TAB.","أنتي-كوكس إي","MELOXICAM","ADWIA","NSAID.OXICAM","ORAL.SOLID","36.0","",""
"1294","ANTI-COX II 15MG 30 TAB.","أنتي-كوكس إي","MELOXICAM","ADWIA","NSAID.OXICAM","ORAL.SOLID","111.0","",""
"1295","ANTI-COX II 15MG/3ML 6 AMPS.","أنتي-كوكس إي أمبول","MELOXICAM","ADWIA","NSAID.OXICAM","INJECTION","78.0","",""
"1296","ANTI-COX II 7.5MG 20 CAPS.","أنتي-كوكس إي","MELOXICAM","ADWIA","NSAID.OXICAM","ORAL.SOLID","56.0","",""
"1297","ANTI-HAEMOPHYLIC GLOBULIN (A.H.G)INJ.","أنتي-هايموفيليك جلوبولين","GLOBULINS","VACSERA","","INJECTION","10.0","",""
"1298","ANTICHOL 10 MG 10 F.C. TAB.","أنتيتشول أقراص مغلفة","ATORVASTATIN","JEDCO INT. CO. FOR PHARMACEUTICALS","ANTIHYPERLIPIDEMIC.STATINS","ORAL.SOLID","8.5","",""
"1299","ANTICHOL 20 MG 10 F.C. TAB.","أنتيتشول أقراص مغلفة","ATORVASTATIN","JEDCO INT. CO. FOR PHARMACEUTICALS","ANTIHYPERLIPIDEMIC.STATINS","ORAL.SOLID","14.4","",""
"1300","ANTIDAN HAIR SHAMPOO 200 ML","أنتيدان هير","","LEADER COSMETICS > GAMACES LEADER CO.","HAIR CARE","TOPICAL","29.95","",""
"1301","ANTIDIAL 10 CAPS.","أنتيديال","LACTOBACILLUS ACIDOPHILUS","MASH PREMIERE","ANTIDIARRHOEAL","ORAL.SOLID","70.0","",""
"1302","ANTIDIAZOX 100MG/5ML PD. FOR ORAL SOL. 60 ML","أنتيديازوكس / بد. فموي","NITAZOXANIDE","GLOBAL NAPI PHARMACEUTICALS","ANTIHELMINTHICS","ORAL.LIQUID","15.75","",""
"1303","ANTIDIAZOX 500MG 12 F.C.TAB.","أنتيديازوكس","NITAZOXANIDE","GLOBAL NAPI PHARMACEUTICALS","ANTIHELMINTHIC","ORAL.SOLID","43.25","",""
"1304","ANTIFLAM 1% EMULGEL 20 GM","أنتيفلام 1% إمولجيل","DICLOFENAC SODIUM","UP PHARMA","NSAID.ACETIC ACID DERIVATIVES","TOPICAL","7.5","",""
"1305","ANTIFLAM 25 MG 20 TABS.","أنتيفلام","DICLOFENAC POTASSIUM","UP PHARMA","NSAID.ACETIC ACID DERIVATIVES","ORAL.SOLID","34.0","",""
"1306","ANTIFLAM 50 MG 20 TABS.","أنتيفلام","DICLOFENAC POTASSIUM","UP PHARMA","NSAID.ACETIC ACID DERIVATIVES","ORAL.SOLID","44.0","",""
"1307","ANTIFLU 20 CAPS.","أنتيفلو","CAFFEINE+CHLORPHENIRAMINE+IBUPROFEN+PSEUDOEPHEDRINE","ADWIA","COLD & FLU DRUGS","ORAL.SOLID","38.0","",""
"1308","ANTIKRAMP 10MG/5ML SYRUP 120 ML","أنتيكرامب شراب","TIEMONIUM METHYLSULPHATE","EL NILE.","ANTI-SPASMODIC","ORAL.LIQUID","36.0","",""
"1309","ANTIKRAMP 5MG/2ML I.V./I.M. 3 AMP.","أنتيكرامب أمبول","TIEMONIUM METHYLSULPHATE","EL NILE.","ANTI-SPASMODIC","INJECTION","36.0","",""
"1310","ANTIMIGROZAN 2.5MG 6 DIS. TABS.","أنتيميجروزان 6 ديس","ZOLMITRIPTAN","MEDIZEN PHARMACEUTICAL INDUSTRIES","ANTIMIGRAINE.VASOCONSTRICTOR AGENTS.SELECTIVE SEROTONIN AGONIST","ORAL.SOLID","36.0","",""
"1311","ANTIMIGROZAN 5MG 6 DIS. TABS.","أنتيميجروزان 6 ديس","ZOLMITRIPTAN","MEDIZEN PHARMACEUTICAL INDUSTRIES","ANTIMIGRAINE.VASOCONSTRICTOR AGENTS.SELECTIVE SEROTONIN AGONIST","ORAL.SOLID","48.0","",""
"1312","ANTIMO MASSAGE GEL 75 GM","أنتيمو مساج","OMEGA 3-6+METHYLSALICYLATE+MENTHOL CRYSTALS+MAGNESIUM+EUCALYPTUS OIL+PEPPERMINT OIL+CLOVE OIL+CAMPHOR OIL+ALMOND OIL","DREAMS EL HABBOBA > BROMED","MASSAGE","TOPICAL","36.0","",""
"1313","ANTINAL 200MG 24 CAPS.","أنتينال","NIFUROXAZIDE","AMOUN","ANTIDIARRHOEAL","ORAL.SOLID","52.0","",""
"1314","ANTINAL 220MG/5ML 60ML SUSP.","أنتينال 220مجم/5مل","NIFUROXAZIDE","AMOUN","ANTIDIARRHOEAL","ORAL.LIQUID","24.0","",""
"1315","ANTIRETRO 200 MG 10 CAPS.(N/A YET)","أنتيريترو","EFAVIRENZ","HIKMA SPECIALIZED PHARMACEUTICALS","ANTI-VIRAL","ORAL.SOLID","130.0","",""
"1316","ANTISCAR VISCOUS SOLUTION 50 ML","أنتيسكار فيسكوس","GLYCEROL+HONEY+CAMELLIA SINENSIS+VACCINIUM MYRTILLUS+XANTHAN GUM","VITRO-BIO > RAMEDA","HEALING TOPICAL","TOPICAL","250.0","",""
"1317","ANTISEPTOL 1MG/ML MOUTH WASH 120 ML","أنتيسيبتول /مل غسول فموي","CHLORHEXIDINE","KAHIRA","ANTISEPTIC SOLUTION.ORAL MOUTH WASH","MOUTH","9.0","",""
"1318","ANTITUSSIN SYRUP 120 ML","أنتيتوسسين","DEXTROMETHORPHAN+GUAIFENESIN","EVA PHARMA","COUGH PRODUCTS","ORAL.LIQUID","29.0","",""
"1319","ANTIVER 100MG 20*6 TABS.","أنتيفير 20","MEBENDAZOLE","ALEXANDRIA","ANTHELMINTIC","ORAL.SOLID","200.0","",""
"1320","ANTIVER 100MG/5ML SUSP. 30ML","أنتيفير 100مجم/5مل","MEBENDAZOLE","ALEXANDRIA","ANTHELMINTIC","ORAL.LIQUID","25.0","",""
"1321","ANTIZOLE 100MG/5ML SUSP. 30ML","أنتيزولي 100مجم/5مل","ALBENDAZOLE","ALEXANDRIA","ANTHELMINTIC","ORAL.LIQUID","19.0","",""
"1322","ANTIZOLE 200MG 2 TAB.","أنتيزول","ALBENDAZOLE","ALEXANDRIA","ANTHELMINTIC","ORAL.SOLID","13.0","",""
"1323","ANTODINE 10 MG 10 CHEWABLE TABS. (N/A)","أنتودين 10 تشيوابل","FAMOTIDINE+CALCIUM CARBONATE+MAGNESIUM HYDROXIDE","AMOUN","ANTACID PLUS H2 BLOCKER","ORAL.SOLID","10.5","",""
"1324","ANTODINE 20 MG 10 EFFERVESCENT TABS. (N/A)","أنتودين 10 إففيرفيسسينت","FAMOTIDINE","AMOUN","PEPTIC ULCER.ANTI-HISTAMINE.H2 ANTAGONIST","EFF","10.5","",""
"1325","ANTODINE 20 MG 30 F.C.TABS.","أنتودين","FAMOTIDINE","AMOUN","PEPTIC ULCER.ANTI-HISTAMINE.H2 ANTAGONIST","ORAL.SOLID","60.0","",""
"1326","ANTODINE 20MG/2ML 3 I.M./I.V. AMPS.","أنتودين أمبول","FAMOTIDINE","AMOUN","PEPTIC ULCER.ANTI-HISTAMINE.H2 ANTAGONIST","INJECTION","39.0","",""
"1327","ANTODINE 20MG/2ML 6 I.M./I.V. AMPS.","أنتودين أمبول","FAMOTIDINE","AMOUN","PEPTIC ULCER.ANTI-HISTAMINE.H2 ANTAGONIST","INJECTION","78.0","",""
"1328","ANTODINE 40 MG 30 F.C.TABS.","أنتودين","FAMOTIDINE","AMOUN","PEPTIC ULCER.ANTI-HISTAMINE.H2 ANTAGONIST","ORAL.SOLID","93.0","",""
"1329","ANTODINE 40MG/5ML POWDER FOR ORAL SUSP. 60ML (N/A)","أنتودين معلق فمو","FAMOTIDINE","AMOUN","PEPTIC ULCER.ANTI-HISTAMINE.H2 ANTAGONIST","ORAL.LIQUID","19.8","",""
"1330","ANTOPRAL 20 MG 14 TAB.","أنتوبرال","PANTOPRAZOLE","NOVARTIS","PEPTIC ULCER.PROTON PUMP INHIBITOR","ORAL.SOLID","88.0","",""
"1331","ANTOPRAL 40 MG 14 TAB.","أنتوبرال","PANTOPRAZOLE","NOVARTIS","PEPTIC ULCER.PROTON PUMP INHIBITOR","ORAL.SOLID","126.0","",""
"1332","ANTOPRAL 40MG POWDER FOR I.V. INF. VIAL","أنتوبرال","PANTOPRAZOLE","GLOBAL NAPI PHARMACEUTICALS > NOVARTIS","PEPTIC ULCER.PROTON PUMP INHIBITOR","INJECTION","59.5","",""
"1333","ANTOX 30 TABS.","أنتوكس","SELENIUM+VITAMINS (A-C-E)","MEPACO","MULTIVITAMINS","ORAL.SOLID","120.0","",""
"1334","ANUVA 50MG 10 DISPERSIBLE TAB.","أنوفا 10 ديسبيرسيبل","DICLOFENAC SODIUM","NOVARTIS","NSAID.ACETIC ACID DERIVATIVES","ORAL.SOLID","27.0","",""
"1335","ANVIZIRAM 200 MG 100 F.C.TABS.","أنفيزيرام","FAVIPIRAVIR","RAMEDA","ANTIVIRAL","ORAL.SOLID","2030.0","",""
"1336","ANVIZIRAM 200 MG 40 F.C.TABS.","أنفيزيرام","FAVIPIRAVIR","RAMEDA","ANTIVIRAL","ORAL.SOLID","320.0","",""
"1337","ANXBEAT 15 MG 10 TAB.","أنكسبيات","BUSPIRONE","SIGMA","PSYCHIATRIC.ANXIOLYTICS-HYPNOTICS","ORAL.SOLID","8.0","",""
"1338","ANZATAX 6MG/ML (150MG )I.V. INF. VIAL","أنزاتاكس /مل","PACLITAXEL","HOSPIRA INC.-UK > PFIZER","ANTINEOPLASTIC","INJECTION","1000.0","",""
"1339","ANZATAX 6MG/ML (300MG) I.V. INF. VIAL","أنزاتاكس /مل","PACLITAXEL","HOSPIRA INC.-UK > PFIZER","ANTINEOPLASTIC","INJECTION","1450.0","",""
"1340","ANZATAX 6MG/ML (30MG ) I.V. INF.VIAL","أنزاتاكس /مل","PACLITAXEL","HOSPIRA INC.-UK > PFIZER","ANTINEOPLASTIC","INJECTION","555.0","",""
"1341","ANZOPTIMA 665 MG 24 MR TABS.","أنزوبتيما","PARACETAMOL(ACETAMINOPHEN)","AL ESRAA PHARMACEUTICAL OPTIMA","ANTIPYRETIC","ORAL.SOLID","60.0","",""
"1342","APERITIF SYRUP 120 ML","أبيريتيف","MULTIVITAMINS + MINERALS","HOCHSTER PHARMACEUTICAL INDUSTRIES","MULTI-VITAMINS.COMINATION","ORAL.LIQUID","99.0","",""
"1343","APETOID 100 MG 3 F.C.TABS. (N/A)","أبيتويد","LEFLUNOMIDE","MULTI-APEX","IMMUNOSUPPRESSIVE AGENT.ANTIRHEUMATIC ANTIVIRAL AGENT.PYRIMIDINE SYNTHESIS INHIBITOR","ORAL.SOLID","95.0","",""
"1344","APETOID 20 MG 30 F.C.TABS.","أبيتويد","LEFLUNOMIDE","MULTI-APEX","IMMUNOSUPPRESSIVE AGENT.ANTIRHEUMATIC ANTIVIRAL AGENT.PYRIMIDINE SYNTHESIS INHIBITOR","ORAL.SOLID","180.0","",""
"1345","APETOMORE 120 ML SYRUP","أبيتومور","LYSINE (700 MG)+PYRIDOXINE (50 MG)+THIAMINE (50 MG)+VITAMIN B5 (50 MG)+NIACINAMIDE (50 MG)+L-ASCORBIC ACID (45 MG)+RIBOFLAVIN (5 MG)+FOLIC ACID (1333 MCG)+BIOTIN (50 MCG)+CYANOCOBALAMIN (50 MCG)/ 15 ML","ORGANIX FOR DIETARY SUPPLEMENTS > CARE THERAPUTICA FOR PHARMACEUTICALS","APPETIZER AND MULTIVITAMINS","ORAL.LIQUID","165.0","",""
"1346","APETRYL 0.5 MG 50 TAB.","أبيتريل","CLONAZEPAM","MULTI-APEX","ANTI-EPILEPTIC.BENZODIAZEPINES","ORAL.SOLID","45.0","",""
"1347","APETRYL 2 MG 30 TAB.","أبيتريل","CLONAZEPAM","MULTI-APEX","ANTI-EPILEPTIC.BENZODIAZEPINES","ORAL.SOLID","45.0","",""
"1348","APEXAWESTAN 2.5 MG 10 F.C.TABS.","أبيكساويستان","APIXABAN","WESTERN PHARMACEUTICALS INDUSTRIES > WESTERN PHARMA","ANTICOAGULANT","ORAL.SOLID","82.75","",""
"1349","APEXAWESTAN 2.5 MG 30 F.C.TABS.","أبيكساويستان","APIXABAN","WESTERN PHARMACEUTICALS INDUSTRIES > WESTERN PHARMA","ANTICOAGULANT","ORAL.SOLID","248.25","",""
"1350","APEXAZOLE 1% TOP. CREAM 15 GM","أبيكسازول 1% موضع","OXICONAZOLE","MULTI-APEX","ANTIFUNGALS.IMIDAZOLES","TOPICAL","10.0","",""
"1351","APEXAZOLE 1% TOPICAL LOTION 15 ML","أبيكسازولي 1% لوشن موضعي","OXICONAZOLE","MULTI-APEX","ANTIFUNGALS.IMIDAZOLES","UNKNOWN","11.0","",""
"1352","APEXIDONE 0.5MG 30 F.C.TAB.","أبيكسيدون","RISPERIDONE","APEX PHARMA","PSYCHIATRIC.ANTIPSYCHOTICS","ORAL.SOLID","49.5","",""
"1353","APEXIDONE 1MG 20 F.C.TAB.","أبيكسيدون","RISPERIDONE","APEX PHARMA","PSYCHIATRIC.ANTIPSYCHOTICS","ORAL.SOLID","54.0","",""
"1354","APEXIDONE 1MG/ML SYRUP 100ML","أبيكسيدوني /مل","RISPERIDONE","Apex pharma","PSYCHIATRIC.ANTIPSYCHOTICS","ORAL.LIQUID","60.0","",""
"1355","APEXIDONE 2MG 20 F.C.TAB.","أبيكسيدون","RISPERIDONE","APEX PHARMA","PSYCHIATRIC.ANTIPSYCHOTICS","ORAL.SOLID","75.0","",""
"1356","APEXIDONE 3MG 30 F.C.TAB.","أبيكسيدون","RISPERIDONE","APEX PHARMA","PSYCHIATRIC.ANTIPSYCHOTICS","ORAL.SOLID","126.0","",""
"1357","APEXIDONE 4MG 30 F.C.TAB.","أبيكسيدون","RISPERIDONE","APEX PHARMA","PSYCHIATRIC.ANTIPSYCHOTICS","ORAL.SOLID","126.0","",""
"1358","APHROFEMINE 100 MG 30 F.C. TABS.","أفروفيمين أقراص مغلفة","FLIBANSERIN","MASH PREMIERE > BIOMED PHARMACEUTICALS","WOMEN SEXUAL DESIRE","ORAL.SOLID","600.0","",""
"1359","APHTARINE ORAL GEL 10 ML","أفتاريني فموي","","VITRO-BIO > EGYPTIAN PROMOTION CENTER","ORAL CARE","TOPICAL","35.0","",""
"1360","APHTHTAB 2MG 20 BUCCAL BIOADHESIVE TAB.","أفثتاب 20 بوككال بيواذيسيف","AMLEXANOX","EVA PHARMA","MOUTH ULCER..ANTIALLERGIC.ANTI-INFLAMMATORY","ORAL.SOLID","46.0","",""
"1361","API MED CREAM 40 GM","أبي ميد","ACTIVE GEREINIGTER HONIG+OMEGA-3+VIT.A+VIT.D","COSMOPACK FOR COSMETICS > ARAZAINI CHEMICALS","HEALING TOPICAL","TOPICAL","35.9","",""
"1362","API-CARE CREAM 25 GM","أبي-كار","SELECTED THERAPUTICALLY ACTIVE GEREINIGTER HONIG","COSMOPACK FOR COSMETICS > ARAZAINI CHEMICALS","HEALING TOPICAL","TOPICAL","29.9","",""
"1363","API-GROW POWDER 10 SACHETS","أبي-جروو","SKIMMED MILK+WHEY PROTEIN+MALTODEXTRINE+SUCROSE+NATURAL FLAVOUR","API PHARMA","DIETARY SUPPLEMENT","EFF","145.0","",""
"1364","APIC SUN BLOCK CREAM 50+SPF 60 GM","أبيك سون بلوك 50+سبف","COCONUT+GLYCERIN+ALMOND+BEES WAX","LEADER COSMETICS > APIC","SUN BLOCK","TOPICAL","130.0","",""
"1365","APIC WHITE CREAM 60 GM","أبيك وهيت","JOJOBA+COCONUT+WHEAT GERM OIL+CARROT+GLYCERIN+PANTHENOL+VITAMIN E","LEADER COSMETICS > APIC","skin care.WHITENING","TOPICAL","120.0","",""
"1366","APICORTE FORTE 1% EYE DROPS","أبيكورت فورت 1% قطرة عين","PREDNISOLONE","AMMAN PHARMACEUTICAL CO - JORDAN > ADM FOR TRADING & PROJECTS-EGYPT","GLUCOCORTICOID","EYE","63.0","",""
"1367","APIDONE SYRUP 125ML","أبيدوني","CHLORPHENIRAMINE+DEXAMETHASONE","AMOUN","ANTI-HISTAMINE.ANTI-ALLERGY.COMBINED WITH GLUCOCORTICOID STEROID","ORAL.LIQUID","35.0","",""
"1368","APIDRA 100I.U./ML 5 CARTIRIDGES","أبيدرا 100إ.أو مل 5 كارتيريدجيس","INSULIN GLULISINE HUMAN","SANOFI","ANTI-DIABETIC.INSULIN ANALOUGE","UNKNOWN","855.0","",""
"1369","APIDRA SOLOSTAR 100I.U./ML 5 PREFILLED PEN","أبيدرا سولوستار 100إ.أو مل 5 معبأة مسبقًا بين","INSULIN GLULISINE HUMAN","SANOFI","ANTI-DIABETIC.INSULIN ANALOUGE","UNKNOWN","952.0","",""
"1370","APIFORTYL 30 CAPS.","أبيفورتيل","MINERALS+VITAMINS","OCTOBER PHARMA","MULTI-VITAMINS.COMINATION","ORAL.SOLID","150.0","",""
"1371","APIGENT 0.1% TOP. CR. 15 GM","أبيجينت 0.1% توب. كر","GENTAMICIN","AMOUN","AMINOGLYCOSIDE ANTIBIOTIC","TOPICAL","4.75","",""
"1372","APIGENT 3MG/GM EYE/EAR OINT.","أبيجينت /جم قطرة عين/إار","GENTAMICIN","AMOUN","AMINOGLYCOSIDE ANTIBIOTIC","EYE","4.95","",""
"1373","APIGENT 3MG/ML EYE/EAR DROPS 5 ML","أبيجينت /مل قطرة عين/إار","GENTAMICIN","AMOUN","AMINOGLYCOSIDE ANTIBIOTIC","EYE","4.95","",""
"1374","APIGENT-P EYE/EAR DROPS 5 ML","أبيجينت-ب قطرة عين/إار","GENTAMICIN+PREDNISOLONE","AMOUN","ANTIBIOTIC WITH GLUCOCORTICOID","EYE","6.5","",""
"1375","APIGENT-P EYE/EAR OINT. 5 GM","أبيجينت-ب قطرة عين/إار","GENTAMICIN+PREDNISOLONE","AMOUN","ANTIBIOTIC WITH GLUCOCORTICOID","EYE","8.0","",""
"1376","APILIPEX 10 MG 30 F.C.TAB.","أبيليبيكس","ARIPIPRAZOLE","MULTI-APEX","PSYCHIATRIC.ANTIPSYCHOTICS","ORAL.SOLID","90.0","",""
"1377","APILIPEX 20 MG 30 F.C.TAB.","أبيليبيكس","ARIPIPRAZOLE","MULTI-APEX","PSYCHIATRIC.ANTIPSYCHOTICS","ORAL.SOLID","105.0","",""
"1378","APILIPEX 30 MG 30 F.C. TAB.","أبيليبيكس أقراص مغلفة","ARIPIPRAZOLE","MULTI-APEX","PSYCHIATRIC.ANTIPSYCHOTICS","ORAL.SOLID","120.0","",""
"1379","APILIPEX 5 MG 30 F.C.TAB.","أبيليبيكس","ARIPIPRAZOLE","MULTI-APEX","PSYCHIATRIC.ANTIPSYCHOTICS","ORAL.SOLID","69.0","",""
"1380","APIPE 10 MG 30 TABS.","أبيب","ARIPIPRAZOLE","BIOMED","PSYCHIATRIC.ANTIPSYCHOTICS","ORAL.SOLID","135.0","",""
"1381","APIPE 15 MG 30 TABS.","أبيب","ARIPIPRAZOLE","P&C","PSYCHIATRIC.ANTIPSYCHOTICS","ORAL.SOLID","175.5","",""
"1382","APIXAGUARD 2.5 MG 30 F.C. TABS.","أبيكساجوارد أقراص مغلفة","APIXABAN","MARCYRL PHARMACEUTICAL INDUSTRIES (MPI)","ANTICOAGULANT","ORAL.SOLID","316.5","",""
"1383","APIXAGUARD 5 MG 30 F.C. TABS.","أبيكساجوارد أقراص مغلفة","APIXABAN","MARCYRL PHARMACEUTICAL INDUSTRIES (MPI)","ANTICOAGULANT","ORAL.SOLID","316.5","",""
"1384","APIXATRACK 2.5 MG 30 F.C. TABS.","أبيكساتراك أقراص مغلفة","APIXABAN","EVA PHARMA","ANTICOAGULANT","ORAL.SOLID","366.0","",""
"1385","APIXATRACK 5 MG 30 F.C. TABS.","أبيكساتراك أقراص مغلفة","APIXABAN","EVA PHARMA","ANTICOAGULANT","ORAL.SOLID","366.0","",""
"1386","APIXOL 0.5% EYE DROPS 5 ML","أبيكسول 0.5% قطرة عين","BETAXOLOL","AMMAN PHARMACEUTICAL CO - JORDAN > ADM FOR TRADING & PROJECTS-EGYPT","ANTIGLAUCOMA","EYE","19.8","",""
"1387","APO-CALCITONIN 200 I.U./METERED DOSE SPRAY","أبو-كالسيتونين 200 إ.أو ميتيريد دوس","CALCITONIN","APOTEX INC. CANADA > EGYPTIAN PHARMEX","OSTEOPOROSIS.ANTIRESORPTIVES","SPRAY","105.0","",""
"1388","APO-DESMOPRESSIN 10MCG/DOSE NASAL SPRAY 2.5 ML","أبو-ديسموبريسسين /دوسي بخاخ أنفي","DESMOPRESSIN ACETATE","APOTEX INC. CANADA > EGYPTIAN PHARMEX","URINARY INCOTINENCE.ANTIDIURETIC","SPRAY","112.0","",""
"1389","APO-LYPTUS 80 ML SPRAY","أبو-ليبتوس","SEA WATER+ECALUPTUS","SMARTEC > APOMED PHARMA","SPRAY","UNKNOWN","95.0","",""
"1390","APO-MEFLOQUINE 250 MG 8 TAB.","أبو-ميفلوكوين","MEFLOQUINE","APOTEX INC. CANADA > EGYPTIAN PHARMEX","ANTIMALARIAL","ORAL.SOLID","65.0","",""
"1391","APOFLOR 80 ML MOUTH SPRAY","أبوفلور موث بخاخ فموي","CHLORHEXIDINE+CLOVE OIL+MENTHOL OIL","SMARTEC > APOMED PHARMA","MOUTH SPRAY","MOUTH","64.0","",""
"1392","APOPRONIC CREAM (HEALING CREAM) 50 GM","أبوبرونيك","AQUA+BETA-SITOSTEROL+HYALURONIC ACID+CETYL ALCOHOL+CETEARYL ALCOHOL+CETEARETH-20+PARAFFINUM LIQUIDUM+GLYCERIN+PROPYLENE GLYCOL+CHITOSAN+METHYLPARABEN+ALLANTOIN+ALOE BARBADENSIS EXTRACT+DISODIUM EDTA+CITRIC ACID+POLYSORBATE 60.","ELLYU LABORATORY > GLOBAL NANO SOLUTIONS","HEALING CREAM","TOPICAL","143.0","",""
"1393","APOPRONIC GEL (HEALING GEL) 30 GM","أبوبرونيك","AQUA+BETA-SITOSTEROL+ALOE BARBADENSIS EXTRACT+CHITOSAN+HYALURONIC ACID+PANTHENOL+GLYCERIN+CARBOMER+TRIETHANOLAMINE+METHYLPARABEN+ALLANTOIN+DISODIUM EDTA+PROPYLENE GLYCOL+POLYSORBATE 60.","ELLYU LABORATORY > GLOBAL NANO SOLUTIONS","HEALING GEL","TOPICAL","119.0","",""
"1394","APPE-RAISE SYRUP 120 ML","أببي-رايسي","ANISE+CAMPHENE+PINENE+THYMOL+MENTHOL","SEUTICAL PHARMA","APPETIZER","ORAL.LIQUID","45.0","",""
"1395","APPEGREEK SYRUP 100 ML","أببيجريك","IRON(FERROUS BISGLYCINATE)+L LYSINE+VITAMIN C+VITAMEN E+VITAMIN D3+VITAMIN(B1+B2+B3+B6+B12)+VITAMIN A+PANTOTHENIC ACID+BIOTIN+FOLIC ACID+ZINC+MAGNESIUM+MANGANESE+IODINE","PHARMAZAD > ELSEBAEY","MULTIVITAMINS WITH IRON","ORAL.LIQUID","100.0","",""
"1396","APPETIZER SYRUP 120 ML","أببيتيزير","GENTIAN EXTRACT+CERTRUS SINESIS OILY EXTRACT+MENTHA SPICATA OILY EXTRACT","RAGA PHARMA CHEMICAL COMPANY > SMART PHARM COMPANY","","ORAL.LIQUID","15.0","",""
"1397","APPETOVAR SYRUP 120 ML","أببيتوفار","EACH 5 ML CONTAIN : VITAMIN B1 (7.86 MG)+VITAMIN B2 (4.124 MG)+NIACINAMIDE (10 MG)+VITAMIN B6 (4.11 MG)+VITAMIN B12 ( 15 MCG )+LYSINE (225 MG )","ORGANIX > TETRACARE LIMITED","APPETIZER","ORAL.LIQUID","100.0","",""
"1399","APPLE-LITE 30 TABS.","أببلي-ليت","APPLE FIBERS+PURE APPLE GEL PECTIN","MEPACO","WEIGHT LOSS","ORAL.SOLID","45.0","",""
"1400","APREPEMIC 80 MG 2 CAPS.(N/A YET)","أبريبيميك","APREPITANT","EIMC","ANTIEMETIC","ORAL.SOLID","75.0","",""
"1401","APRICOR CREAM 30 GM","أبريكور","GLYCOLIC ACID+SALICYLIC ACID+LACTIC ACID+TEA TREE OIL+ALLANTOIN+PANTHENOL+CHAMOMILE+OLIVE OLI+VIT E+ROSEMARY","HI CARE > TETRAPHARM","ANTI ACNE CREAM","UNKNOWN","100.0","",""
"1402","APRIMERTAZ 30 MG 30 F.C.TABS.","أبريميرتاز","MIRTAZAPINE","WADI ELNEEL BENTA","PSYCHIATRIC.ANTIDEPRESSANTS","ORAL.SOLID","135.0","",""
"1403","APROVEL 150MG 14 TAB.","أبروفيل","IRBESARTAN","SANOFI","ANTI-HYPERTENSIVE.ANGIOTENSIN BLOCKER","ORAL.SOLID","103.0","",""
"1404","APROVEL 300MG 14 TAB.","أبروفيل","IRBESARTAN","SANOFI","ANTI-HYPERTENSIVE.ANGIOTENSIN BLOCKER","ORAL.SOLID","131.0","",""
"1405","APTAMIL 1 ADVANCE PREMIUM+ MILK 400 GM","أبتاميل 1 أدفانس بريميوم+ ميلك","MILK FORMULA STAGE 1","NUTRICIA CUIJK B.V. > UNITED PARTNERS","MILK PRODUCTS.FIRST STAGE (AGE 0-6 MONTHS)","UNKNOWN","399.0","",""
"1406","APTAMIL 2 ADVANCE PREMIUM+ MILK 400 GM","أبتاميل 2 أدفانس بريميوم+ ميلك","MILK FORMULA STAGE 1","NUTRICIA CUIJK B.V. > UNITED PARTNERS","MILK PRODUCTS.FIRST STAGE (AGE 0-6 MONTHS)","UNKNOWN","399.0","",""
"1407","APTAMIL COMFORT MILK 400 GM","أبتاميل كومفورت ميلك","EXTRA CARE MILK FORMULA","NUTRICIA CUIJK B.V. > UNITED PARTNERS","EXTRA CARE MILK","UNKNOWN","441.0","",""
"1408","APTAMIL HA1 MILK 400 GM (N/A)","أبتاميل ها1 ميلك","HYPO-ALLERGENIC MILK FORMULA","NUTRICIA CUIJK B.V. > UNITED PARTNERS","HYPO-ALLERGENIC MILK","UNKNOWN","130.0","",""
"1409","APTAMIL HA2 MILK 400 GM (N/A)","أبتاميل ها2 ميلك","HYPO-ALLERGENIC MILK FORMULA","NUTRICIA CUIJK B.V. > UNITED PARTNERS","HYPO-ALLERGENIC MILK","UNKNOWN","130.0","",""
"1410","APTAMIL JUNIOR (APTAJUNIOR) 3 ADVANCE PREMIUM+ MILK 400 GM","أبتاميل جونيور 3 أدفانس بريميوم+ ميلك","MILK FORMULA STAGE 3","NUTRICIA CUIJK B.V. > UNITED PARTNERS","MILK PRODUCTS.THIRD STAGE (AGE 1-3 YEARS)","UNKNOWN","399.0","",""
"1411","APTAMIL LF MILK 400 GM","أبتاميل لف ميلك","LACTOSE FREE MILK FORMULA","NUTRICIA CUIJK B.V. > UNITED PARTNERS","LACTOSE FREE MILK","UNKNOWN","468.0","",""
"1412","APTAMIL NUTRIPREM PDF MILK 400 GM","أبتاميل نوتريبريم بدف ميلك","PREMATURE MILK FORMULA","NUTRICIA CUIJK B.V. > UNITED PARTNERS","MILK PRODUCTS.PREMATUE MILK FORMULA","UNKNOWN","431.0","",""
"1413","APTAMIL PRE NUTRIPREM MILK 400 GM","أبتاميل بر نوتريبريم ميلك","PREMATURE MILK FORMULA","NUTRICIA CUIJK B.V. > UNITED PARTNERS","MILK PRODUCTS.PREMATUE MILK FORMULA","UNKNOWN","420.0","",""
"1414","APTAMIL PROSYNEO MILK 400 GM","أبتاميل بروسينيو ميلك","HYPO-ALLERGENIC MILK FORMULA","NUTRICIA CUIJK B.V. > UNITED PARTNERS","HYPO-ALLERGENIC MILK","UNKNOWN","473.0","",""
"1415","APTOFUL 10/25MG 20 F.C.TABS.","أبتوفول 10 10/25 قرص","BISOPROLOL FUMARATE+HYDROCHLOROTHIAZIDE","EIPICO","ANTI-HYPERTENSIVE.COMBINED BETA BLOCKER WITH DIURETIC","ORAL.SOLID","27.0","",""
"1416","APTOFUL 5/12.5MG 20 F.C.TABS.","أبتوفول 5 5/12.5 قرص","BISOPROLOL FUMARATE+HYDROCHLOROTHIAZIDE","EIPICO","ANTI-HYPERTENSIVE.COMBINED BETA BLOCKER WITH DIURETIC","ORAL.SOLID","22.0","",""
"1417","AQUA B 30 TABS","أكوا ب","METHYLECOBALAMINE+VIT B6+METHYLE FOLATE","DAWA EGYPT > NEW PHARMA","MULTIVITAMIN","ORAL.SOLID","130.0","",""
"1418","AQUA CID SYRUP 120ML","أكوا سيد","CARAWAY OIL+GINGER+PEPPERMINT OIL+SODIUM BICARBONATE","CID","ANTISPASMODIC.SUPPLEMENT","ORAL.LIQUID","4.25","",""
"1419","AQUA COLLO SYRUP 120 ML","أكوا كوللو","FENNEL EXTRACT+GINGER EXTRACT+DILL OIL+CARAWAY OIL+SODIUM BICARBONATE","COPAD > EGYCAN PHARMA - ELWTANIA","GIT DISTURBANCES","ORAL.LIQUID","47.0","",""
"1420","AQUA CURE SYRUP 120 ML","أكوا كوري","CARAWAY OIL+DILL OIL+FENNEL OIL+CHAMOMILE EXTRACT+SODIUM BICARBONATE","PHARMA CURE PHARMACEUTICALS > PHARMA CURE","GIT DISTURBANCE","ORAL.LIQUID","7.0","",""
"1421","AQUA DENT MOUTH WASH 250 ML","أكوا دينت غسول فموي","MOUTH WASH FORMULA","MASH PREMIERE","MOUTH CARE","MOUTH","80.0","",""
"1422","AQUA GRIP N SYRUP 60 ML","أكوا جريب ن","CARAWAY OIL+DILL OIL+SODIUM BICARBONATE","PHAROPHARMA","antiflatulent","ORAL.LIQUID","45.0","",""
"1423","AQUA ICE COMPLEX GEL 100 ML","أكوا إسي كومبليكس","","QUICK > ABBOTT","MASSAGE","TOPICAL","300.0","",""
"1424","AQUA ICE COMPLEX SPRAY 150 ML","أكوا إسي كومبليكس","","QUICK > ABBOTT","MASSAGE","SPRAY","300.0","",""
"1425","AQUA O ACNE CLEANSER 200 ML","أكوا أو أكني كليانسير","","LEADER COSMETICS > BEAUTY & BEYOND INTERNATIONAL","SKIN CARE","UNKNOWN","65.0","",""
"1426","AQUA PLUS SYRUP 100 ML","أكوا بلوس","CARAWAY OIL+DILL OIL+CHAMOMILE EXTRACT+SODIUM BICARBONATE","EGPI","GIT DISTURBANCE","ORAL.LIQUID","45.0","",""
"1427","AQUA REAM SYRUP 120 ML","أكوا ريام","CARAWAY OIL+DILL OIL+FENNEL OIL+GINGER OIL","AVERROES PHARMA-EGYPT","GIT DISTURBANCES","ORAL.LIQUID","10.5","",""
"1428","AQUA SHUTTLE CREAM 75 ML","أكوا شوتتلي","","MEDITOPIC","SKIN CARE","TOPICAL","375.0","",""
"1429","AQUA V - VAGINAL GEL 60 ML","أكوا ف","SODIUM LAURYL ETHERSULPHATE+BETAINE+MENTHOL+CAMPHOR+TRICLOSAN+CHAMOMILE EXTRACT+CMC+METHYL PARABEN+P","HI-CARE > MASTER MED PHARMA","LUBRICANT","TOPICAL","75.0","",""
"1431","AQUA-AKITA FACIAL CLEANSER 200 ML","أكوا-أكيتا للوجه كليانسير","","LEADER COSMETICS > AKITA PHARMA","SKIN CARE","TOPICAL","49.0","",""
"1432","AQUA-PEN 1 M.I.U. VIAL.","أكوا-بين 1 م.إ.أو","PENICILLIN G","MISR > CID","ANTIBIOTIC","INJECTION","7.5","",""
"1433","AQUACARE GEL 15 GM","أكواكار","TRIETHANOLAMINE+HYDROLYZED COLLAGEN+GLYCERIN+DMDM HYDANTOIN+ARGININE ASPARTATE+THYMUS VULGARIS EXTRACT+SALVIA OFFICINALIS LEAF EXTRACT+PANTHENOL+WATER+ALLANTOIN+CARBOMER+ALGIN","LEVEN > PRT SCIENTIFIC OFFICE","SKIN CARE.HEALING","TOPICAL","120.0","",""
"1434","AQUACARE GEL 50 GM","أكواكار","TRIETHANOLAMINE+HYDROLYZED COLLAGEN+GLYCERIN+DMDM HYDANTOIN+ARGININE ASPARTATE+THYMUS VULGARIS EXTRACT+SALVIA OFFICINALIS LEAF EXTRACT+PANTHENOL+WATER+ALLANTOIN+CARBOMER+ALGIN","LEVEN > PRT SCIENTIFIC OFFICE","SKIN CARE.HEALING","TOPICAL","220.0","",""
"1435","AQUALARM INTENSIVE UD EYE DROPS 30 X 0.5ML SDU","أكوالارم إنتينسيف أود قطرة عين 30 كس سدو","SODIUM HYALURONATE","BAUSCH AND LOMB","EYE LUBRICANT","EYE","425.0","",""
"1436","AQUALARM U.P. INTENSIVE EYE DROPS 10 ML","أكوالارم أو.ب. إنتينسيفي قطرة عين","SODIUM HYALURONATE","BAUSCH AND LOMB","EYE LUBRICANT","EYE","365.0","",""
"1437","AQUANOVA- PRO-BEAUTY FACIAL CLEANSER GEL","أكوانوفا- برو-بيوتي للوجه كليانسير","SALICYLIC ACID+VITAMIN C+KOJIC ACID+NIACINAMIDE+TEA TREE OIL+SHEA BUTTER","E.C.C > SFIDA PHARMACEUTICAL COMPANY","FACIAL CLEANSER GEL","UNKNOWN","250.0","",""
"1438","AQUANOVA- PRO-BEAUTY GEL","أكوانوفا- برو-بيوتي","HYALURONIC ACID+NIACINAMIDE+RETINOL+VITAMIN C","E.C.C > SFIDA PHARMACEUTICAL COMPANY","MOISTURIZING GEL","UNKNOWN","250.0","",""
"1439","AQUANOVA- PRO-BEAUTY SUNSCREEN GEL CREAM SPF 50+","أكوانوفا- برو-بيوتي سونسكرين سبف 50+","TOCOPHEROL+OCTOCRYLENE+BENZOPHENONE-3+DROMETRIZOLE TRISILOXANE+PEG-8 LAURATE","E.C.C > SFIDA PHARMACEUTICAL COMPANY","SUNSCREEN GEL CREAM","UNKNOWN","350.0","",""
"1440","AQUAPRECIS EYE CONTOUR 15ML","أكوابريسيس قطرة عين كونتور","","URIAGE DERMATOLOGICAL LABORATORIES > BIOTECH EGYPT","EYE CONTOUR","TOPICAL","169.0","",""
"1441","AQUAPRECIS MASK 40ML","أكوابريسيس ماسك","","URIAGE DERMATOLOGICAL LABORATORIES > BIOTECH EGYPT","SKIN CARE","TOPICAL","229.0","",""
"1442","AR-EZE 20 F.C. TABLETS","أر-إز","CELERY SEED+DEVIL S CLAW+TURMERIC+BILLBERY+HAWTHORN BERRY","SIGMA > IBE PHARMA","RHEUMATIC PAIN","ORAL.SOLID","40.0","",""
"1443","ARABCOFLOROQUIN 200MG/100ML VIAL","أرابكوفلوروكوين فيال","CIPROFLOXACIN","ARABCOMED","ANTIBIOTIC.QUINOLONE","INJECTION","52.0","",""
"1444","ARABOPHILLUS 30 CAPSULES","أرابوفيللوس","LACTOBACILLUS ACIDOPHILUS(100MG)+SACCHAROMYCES BOULARD","ORGANIX > SPIRIT PHARM","LAPTOBACILLUS","ORAL.SOLID","180.0","",""
"1445","ARABZINC 50 MG 30 TABS.","أرابزينك","ZINC","ARAB CAPS > KMT PHARMA","ZINC SUPPLEMENT","ORAL.SOLID","45.0","",""
"1446","ARACYTIN 100MG/5ML VIAL","أراسيتين فيال","CYTARABINE","PFIZER","ANTI-VIRAL.NUCLEOSIDE","INJECTION","24.0","",""
"1447","ARANESP 100MCG 4 PREF. SYRINGE","أرانيسب 4 معبأة مسبقًا حقنة","DARBEPOETIN ALFA","AMGEN > MULTIPHARMA","HEMATOPOIETIC.ERYTHROPOIESIS-STIMULATING AGENT (ESA)","INJECTION","13587.0","",""
"1448","ARANESP 10MCG 4 PREF. SYRINGE","أرانيسب 4 معبأة مسبقًا حقنة","DARBEPOETIN ALFA","AMGEN > MULTIPHARMA","HEMATOPOIETIC.ERYTHROPOIESIS-STIMULATING AGENT (ESA)","INJECTION","1383.0","",""
"1449","ARANESP 150MCG 4 PREF. SYRINGE","أرانيسب 4 معبأة مسبقًا حقنة","DARBEPOETIN ALFA","AMGEN > MULTIPHARMA","HEMATOPOIETIC.ERYTHROPOIESIS-STIMULATING AGENT (ESA)","INJECTION","19407.0","",""
"1450","ARANESP 15MCG 1 PREF. SYRINGE","أرانيسب 1 معبأة مسبقًا حقنة","DARBEPOETIN ALFA","AMGEN > MULTIPHARMA","HEMATOPOIETIC.ERYTHROPOIESIS-STIMULATING AGENT (ESA)","INJECTION","250.0","",""
"1451","ARANESP 20MCG 1 PREF. SYRINGE","أرانيسب 1 معبأة مسبقًا حقنة","DARBEPOETIN ALFA","AMGEN > MULTIPHARMA","HEMATOPOIETIC.ERYTHROPOIESIS-STIMULATING AGENT (ESA)","INJECTION","741.75","",""
"1452","ARANESP 300MCG 1 PREF. SYRINGE","أرانيسب 1 معبأة مسبقًا حقنة","DARBEPOETIN ALFA","AMGEN > MULTIPHARMA","HEMATOPOIETIC.ERYTHROPOIESIS-STIMULATING AGENT (ESA)","INJECTION","9864.0","",""
"1453","ARANESP 30MCG 4 PREF. SYRINGE","أرانيسب 4 معبأة مسبقًا حقنة","DARBEPOETIN ALFA","AMGEN > MULTIPHARMA","HEMATOPOIETIC.ERYTHROPOIESIS-STIMULATING AGENT (ESA)","INJECTION","4425.0","",""
"1454","ARANESP 40MCG 4 PREF. SYRINGE","أرانيسب 4 معبأة مسبقًا حقنة","DARBEPOETIN ALFA","AMGEN > MULTIPHARMA","HEMATOPOIETIC.ERYTHROPOIESIS-STIMULATING AGENT (ESA)","INJECTION","5919.0","",""
"1455","ARANESP 500MCG 1 PREF. SYRINGE (N/A YET)","أرانيسب 1 معبأة مسبقًا حقنة","DARBEPOETIN ALFA","AMGEN > MULTIPHARMA","HEMATOPOIETIC.ERYTHROPOIESIS-STIMULATING AGENT (ESA)","INJECTION","7500.0","",""
"1456","ARANESP 60MCG 4 PREF. SYRINGE","أرانيسب 4 معبأة مسبقًا حقنة","DARBEPOETIN ALFA","AMGEN > MULTIPHARMA","HEMATOPOIETIC.ERYTHROPOIESIS-STIMULATING AGENT (ESA)","INJECTION","8769.0","",""
"1457","ARANESP 80MCG 1 PREF. SYRINGE","أرانيسب 1 معبأة مسبقًا حقنة","DARBEPOETIN ALFA","AMGEN > MULTIPHARMA","HEMATOPOIETIC.ERYTHROPOIESIS-STIMULATING AGENT (ESA)","INJECTION","1335.0","",""
"1458","ARAXCALFEROL D3 - 30 F.C. TABS.","أراكسكالفيرول د3 أقراص مغلفة","CHOLECALCIFEROL(VITAMIN D3)","> ARAX PHARM. IND.","VITAMIN D","ORAL.SOLID","95.0","",""
"1459","ARAXILEVE 5 MG 30 ORO-DISPERSIBLE TABS.","أراكسيليف 30 أورو-ديسبيرسيبل","LEVOCETIRIZINE","JEDCO INT. CO. FOR PHARMACEUTICALS > ARAX PHARM. IND.","ANTI-HISTAMINE.NON-SEDATIVE.THIRD-GENERATION","ORAL.SOLID","51.0","",""
"1460","ARBATEG 2% SUSP. 100 ML","أرباتيج 2%","CARBAMAZEPINE","MEDIZEN PHARMACEUTICAL INDUSTRIES","ANTI-EPILEPTIC.CARBOXAMIDES","ORAL.LIQUID","35.0","",""
"1461","ARBATEG 200 MG 30 TABS.","أرباتيج","CARBAMAZEPINE","MEDIZEN PHARMACEUTICAL INDUSTRIES","ANTI-EPILEPTIC.CARBOXAMIDES","ORAL.SOLID","75.0","",""
"1463","ARBITRA 30 TABS","أربيترا","SELENIUM+VITAMIN C+VITAMIN B12+D3+ZINC","KARMAN > STAYGREEN","MULTIVITAMINS","ORAL.SOLID","195.0","",""
"1464","ARCA-ZINC 30 CAPS. (N/A)","أركا-زينك","SULBUTIAMINE+ZINC SULPHATE","EGYPHAR","NOOTROPIC","ORAL.SOLID","18.0","",""
"1465","ARCALION 200MG 40 SUGAR COATED TAB.","أركاليون 40 سوجار مغلفة","SULBUTIAMINE","SERVIER","NOOTROPIC","ORAL.SOLID","43.0","",""
"1466","ARCALION FORTE 400MG 30 F.C.TAB.","أركاليون فورت","SULBUTIAMINE","SERVIER","NOOTROPIC","ORAL.SOLID","53.0","",""
"1467","ARCECHIMA 300 MG 20 TABS.","أرسيتشيما","AVOCADO OIL+SOYA BEAN OIL+VITAMIN C+VITAMIN E+MANGANESE","ORGANIX FOR FOOD SUPPLEMENT > UNICHIMA PHARMA","JOINTS ARTHRITIS","ORAL.SOLID","200.0","",""
"1468","ARCHODAL 30 TABLETS","أرتشودال","CHOLECALCIFEROL 1000(VITAMIN D3 4000)","MED VARE > SPIRIT PHARM","VITAMIN D3 4000","ORAL.SOLID","110.0","",""
"1469","ARCO 10 SACHETS","أركو","WHEY PROTEIN FULL CREAM MILK ZINC FERROUS BIS GLYCINATE B12 B6 VITAMIN C","NUTRIXIA > ARCADIA","SUPPLEMENT","EFF","115.0","",""
"1470","ARCOTEC MASSAGE CREAM GEL 60 GM","أركوتيك مساج","MENTHOL CRYSTAL+GREEN TEA+CAMPHOR+METHYL SALICYLATE","SMARTEC > TAGAMO3 SAIDALY (TAJ)","ANTI INFLAMMATORY MASSAGE CREAM","TOPICAL","75.0","",""
"1471","ARCOXIA 120 MG 7 F.C.TABS.","أركوكسيا","ETORICOXIB","MERCK SHARP & DOHME","NSAID.SELECTIVE COX-2 INHIBITORS","ORAL.SOLID","137.0","",""
"1472","ARCOXIA 60 MG 14 F.C.TABS.","أركوكسيا","ETORICOXIB","MERCK SHARP & DOHME","NSAID.SELECTIVE COX-2 INHIBITORS","ORAL.SOLID","224.0","",""
"1473","ARCOXIA 90 MG 14 F.C.TABS.","أركوكسيا","ETORICOXIB","MERCK SHARP & DOHME","NSAID.SELECTIVE COX-2 INHIBITORS","ORAL.SOLID","239.0","",""
"1474","ARDIOLAZIN 100 MG 30 F.C. TABS.","أرديولازين أقراص مغلفة","HYDRALAZINE","PHARMA CURE PHARMACEUTICALS > PHARMA CURE","ANTI-HYPERTENSIVE","ORAL.SOLID","34.75","",""
"1475","ARDIOLAZIN 25 MG 30 F.C. TABS.","أرديولازين أقراص مغلفة","HYDRALAZINE","PHARMA CURE PHARMACEUTICALS > PHARMA CURE","ANTI-HYPERTENSIVE","ORAL.SOLID","13.0","",""
"1476","ARDIOLAZIN 50 MG 30 F.C. TABS.","أرديولازين أقراص مغلفة","HYDRALAZINE","PHARMA CURE PHARMACEUTICALS > PHARMA CURE","ANTI-HYPERTENSIVE","ORAL.SOLID","21.25","",""
"1477","ARDOXIMAG 40 MG 14 TABS.","أردوكسيماج","ESOMEPRAZOLE","MULTICARE EGYPT PHARMACEUTICAL > ACINO","PEPTIC ULCER.PROTON PUMP INHIBITOR","ORAL.SOLID","106.0","",""
"1479","ARENA CREAM MASSAGE 75 GM","أرينا مساج","ALMOND OIL+EUCALYTUS OIL+MENTHOL CRYSTALS+STEARIC ACID+CAMPHOR OIL","ITALIAN COSMETIC > ORBITAL PHARMA","MASSAGE CREAM","TOPICAL","45.0","",""
"1480","AREPEXANE 10 MG 20 F.C. TABS.","أريبيكسان أقراص مغلفة","ARIPIPRAZOLE","DELTA PHARMA","PSYCHIATRIC.ANTIPSYCHOTICS","ORAL.SOLID","108.0","",""
"1481","AREPEXANE 30 MG 20 F.C. TABS.","أريبيكسان أقراص مغلفة","ARIPIPRAZOLE","DELTA PHARMA","PSYCHIATRIC.ANTIPSYCHOTICS","ORAL.SOLID","160.0","",""
"1482","ARGECTA 1000 MG 30 TABS.","أرجيكتا","L-ARGININE 1000 MG+VITAMIN B6 3.33 MG+FOLATE 111.33 MCG+VITAMIN B12 16.666 MCG","PHARMAZAD > OCTABIOTIC","AMINO ACID","ORAL.SOLID","200.0","",""
"1483","ARGENTO CLEAR FACIAL CLEANSER 200 ML","أرجينتو كليار للوجه كليانسير","","HI-CARE > ALBA PHARMA","SKIN CARE","TOPICAL","219.0","",""
"1484","ARGENTO EYE CONTOUR CREAM 15 GM","أرجينتو قطرة عين كونتور","ROYAL JELLY+COLLAGEN+GREEN TEA EXT+LIQUORICE EXT+WHEAT GERM OIL+ALMOND OIL+CHAMOMILE EXT+ALLANTOIN","HI-CARE > ALBA PHARMA","EYE CONTOUR","TOPICAL","119.0","",""
"1485","ARGENTO EYE CONTOUR CREAM 30 GM","أرجينتو قطرة عين كونتور","ROYAL JELLY+COLLAGEN+GREEN TEA EXT+LIQUORICE EXT+WHEAT GERM OIL+ALMOND OIL+CHAMOMILE EXT+ALLANTOIN","HI-CARE > ALBA PHARMA","EYE CONTOUR","TOPICAL","195.0","",""
"1486","ARGENTO NIGHT CREAM 30 GM","أرجينتو نيغت","COLLAGEN+CAFFEINE+LIQUORICE EXT+GREEN TEA EXT+WHEAT GERM OIL+ALMOND OIL+CHAMOMLIE EXT+GLYCOLIC ACID","HI-CARE > ALBA PHARMA","SKIN CARE.HEALING","TOPICAL","119.0","",""
"1487","ARGENTO NIGHT CREAM 60 GM","أرجينتو نيغت","COLLAGEN+CAFFEINE+LIQUORICE EXT+GREEN TEA EXT+WHEAT GERM OIL+ALMOND OIL+CHAMOMLIE EXT+GLYCOLIC ACID","HI-CARE > ALBA PHARMA","SKIN CARE.HEALING","TOPICAL","219.0","",""
"1488","ARGENTO PROFIT SUNSCREEN 50+ SPF LOTION 100 ML","أرجينتو بروفيت سونسكرين 50+ سبف","SUN PROTECTION FORMULA","HI-CARE > ALBA PHARMA","SKIN CARE.SUN BLOCK","UNKNOWN","275.0","",""
"1489","ARGENTO PROFIT SUNSCREEN 50+ SPF LOTION 50 ML","أرجينتو بروفيت سونسكرين 50+ سبف","SUN PROTECTION FORMULA","HI-CARE > ALBA PHARMA","SKIN CARE.SUN BLOCK","UNKNOWN","159.0","",""
"1490","ARGENTOZAD CREAM 40 GM","أرجينتوزاد","SILVER SULFADIAZINE","ZAD","TOPICAL BACTERICIDAL","TOPICAL","43.0","",""
"1491","ARGI ONE SYRUP 250 ML","أرجي أوني","L-ARGININE+IODINE+VIT D+CALCIUM+ZINC","NUTRITION HUP > CARE AND CURE PHARMA","MULTIVITAMINS FOR LINEAR GROWTH","ORAL.LIQUID","250.0","",""
"1492","ARGIDERM- P CREAM 15 GM","أرجيديرم- ب","PANTHENOL+SILVER SULPHADIAZINE","AMOUN","HEALING TOPICAL","TOPICAL","6.0","",""
"1493","ARGIDERM- P CREAM 30 GM","أرجيديرم- ب","PANTHENOL+SILVER SULPHADIAZINE","AMOUN","HEALING TOPICAL","TOPICAL","5.25","",""
"1494","ARGIDERM- P CREAM 40 GM","أرجيديرم- ب","PANTHENOL+SILVER SULPHADIAZINE","AMOUN","HEALING TOPICAL","TOPICAL","9.0","",""
"1495","ARGIFEM INTIMATE FEMININE GEL 30 GM","أرجيفيم إنتيمات فيمينين","TEA TREE OIL+ROSE OIL+CHAMOMIL EXT.+ALOE VERA EXT.+MALVA SYLVESTRIS EXT.+CALENDULA OFFICINALIS EXT.","EGYPTIAN CO. FOR COSMETICS (E.C.C.) > AGATHA PHARM","VAGINAL CARE","TOPICAL","69.9","",""
"1496","ARGIFEROL 120 ML SYRUP","أرجيفيرول","L-ARGININE+LYSINE+ZINC+FOLIC ACID+VITAMIN D3+B COMPLEX","DAWA EGYPT INTERNATIONAL > PHYTOMED","MULTIVITAMIN FOR GROWTH","ORAL.LIQUID","150.0","",""
"1497","ARGININE & CITRULLINE 500/250MG 120 VEG. CAPS. (NOW)","أرجينين & سيتروللين 500 500/250 كبسولة","","NOW FOODS > SOFICOPHARM","DIETARY SUPPLEMENT","ORAL.SOLID","1045.0","",""
"1498","ARGININE+ CITRULLINE 1000 MG 60 TAB(ENAR)","أرجينيني+ سيتروللين","L ARGININE 750 MG+L CITRULLINE 250 MG","ORGANIX > ENAR PHARMA","AMINO ACID","ORAL.SOLID","290.0","",""
"1499","ARGINOGO 30 F.C. TABS.","أرجينوجو أقراص مغلفة","L-ARGININE","DULEXLAB > EGYPHARMA","MULTIVITAMIN","ORAL.SOLID","255.0","",""
"1500","ARGINOXIR 30 SACHETS","أرجينوكسير","L-ARGININE+L-CARNITINE+VITAMIN B3","> VALKYRIA HEALTHCARE & BEAUTY","MULTIVITAMIN","EFF","930.0","",""
"1501","ARGITEX 500 MG 20 CAPS.","أرجيتيكس","L-ARGININE","DEBEIKY","AMINO ACID","ORAL.SOLID","32.0","",""
"1502","ARGLITA 14 SACHETS","أرجليتا","","","","EFF","350.0","",""
"1503","ARGOTEX CREAM 50 GM","أرجوتيكس","MENTHOL+PROPYLENE GLYCOL+GLYCERYL MONOSTEARATE+ALOE VERA EXTRACT","HI-CARE > ROVENTIS PHARMA","MASSAGE CREAM","TOPICAL","12.0","",""
"1504","ARICEPT 10 MG 14 F.C. TAB.","أريسيبت أقراص مغلفة","DONEPEZIL","PFIZER","ACETYLCHOLINESTERASE INHIBITOR","ORAL.SOLID","470.0","",""
"1505","ARICEPT 10 MG 7 F.C. TAB.","أريسيبت أقراص مغلفة","DONEPEZIL","PFIZER","ACETYLCHOLINESTERASE INHIBITOR","ORAL.SOLID","235.0","",""
"1506","ARICEPT 5 MG 14 TAB.","أريسيبت","DONEPEZIL","PFIZER","CENTRAL ACETYLCHOLINESTERASE INHIBITOR","ORAL.SOLID","392.0","",""
"1507","ARICEPT 5 MG 7 TAB.","أريسيبت","DONEPEZIL","PFIZER","ACETYLCHOLINESTERASE INHIBITOR","ORAL.SOLID","196.0","",""
"1508","ARID LOTION SPRAY 30 ML","أريد","ALUMINIUM CHLORHYDRATE+PANTHENOL+ETHYL ALCOHOL+ISOPROPYL ALCOHOL","LEADER > ROMITTA PHARMA","ANTI-PRESPIRANT","UNKNOWN","70.0","",""
"1509","ARILOBE 30 MG 20 F.C. TAB.","أريلوب أقراص مغلفة","ARIPIPRAZOLE","MEDIZEN PHARMACEUTICAL INDUSTRIES > MEDISAVE DEVELOPED","PSYCHIATRIC.ANTIPSYCHOTICS","ORAL.SOLID","160.0","",""
"1510","ARIMIDEX 1 MG 28 TAB.","أريميديكس","ANASTROZOLE","ASTRA ZENECA","NON-STEROIDAL AROMATASE-INHIBITOR","ORAL.SOLID","706.0","",""
"1511","ARIPIPRACARE 10 MG 30 TABS.","أريبيبراكار","ARIPIPRAZOLE","MULTICARE","PSYCHIATRIC.ANTIPSYCHOTICS","ORAL.SOLID","90.0","",""
"1512","ARIPIPRACARE 20 MG 20 SCORED TABS.","أريبيبراكار 20 مسجلة","ARIPIPRAZOLE","MULTICARE","PSYCHIATRIC.ANTIPSYCHOTICS","ORAL.SOLID","80.0","",""
"1513","ARIPIPRAZOLE 10 MG 20 F.C. TAB.","أريبيبرازول أقراص مغلفة","ARIPIPRAZOLE","EL-OBOUR > INSPIRE PHARMACEUTICAL COMPANY","PSYCHIATRIC.ANTIPSYCHOTICS","ORAL.SOLID","99.0","",""
"1514","ARIPIPRAZOLE 10 MG 20 ORALLY DISINT. TABS.","أريبيبرازول 20 فمو متفككة بالفم","ARIPIPRAZOLE","EL-OBOUR > PROTECH PHARMA","PSYCHIATRIC.ANTIPSYCHOTICS","ORAL.SOLID","89.75","",""
"1515","ARIPIPRAZOLE 15 MG 20 F.C. TAB.","أريبيبرازول أقراص مغلفة","ARIPIPRAZOLE","EL-OBOUR > INSPIRE PHARMACEUTICAL COMPANY","PSYCHIATRIC.ANTIPSYCHOTICS","ORAL.SOLID","117.0","",""
"1516","ARIPIPRAZOLE 1MG/ML ORAL SOL. 120 ML","أريبيبرازولي /مل فموي","ARIPIPRAZOLE","ATCO PHARMA > INSPIRE PHARMACEUTICAL COMPANY","PSYCHIATRIC.ANTIPSYCHOTICS","ORAL.LIQUID","46.0","",""
"1517","ARIPIPRAZOLE 20 MG 20 F.C. TAB.","أريبيبرازول أقراص مغلفة","ARIPIPRAZOLE","EL-OBOUR > INSPIRE PHARMACEUTICAL COMPANY","PSYCHIATRIC.ANTIPSYCHOTICS","ORAL.SOLID","106.0","",""
"1518","ARIPIPRAZOLE 30 MG 20 F.C.TAB.","أريبيبرازول","ARIPIPRAZOLE","EL-OBOUR > INSPIRE PHARMACEUTICAL COMPANY","PSYCHIATRIC.ANTIPSYCHOTICS","ORAL.SOLID","152.0","",""
"1519","ARIPIPRAZOLE 30 MG 20 ORALLY DIS.TABLETS","أريبيبرازول 20 فمو ديس","ARIPIPRAZOLE","EL-OBOUR > INSPIRE PHARMACEUTICAL COMPANY","PSYCHIATRIC.ANTIPSYCHOTICS","ORAL.SOLID","126.0","",""
"1520","ARIPIPRAZOLE 5 MG 30 F.C. TAB.","أريبيبرازول أقراص مغلفة","ARIPIPRAZOLE","EL-OBOUR > INSPIRE PHARMACEUTICAL COMPANY","PSYCHIATRIC.ANTIPSYCHOTICS","ORAL.SOLID","96.0","",""
"1521","ARIPIPREX 10MG 30 F.C.TAB.","أريبيبريكس","ARIPIPRAZOLE","SIGMA > ANDALOUS PHARMA","PSYCHIATRIC.ANTIPSYCHOTICS","ORAL.SOLID","162.0","",""
"1522","ARIPIPREX 15MG 20 F.C.TAB.","أريبيبريكس","ARIPIPRAZOLE","ANDALOUS PHARMA","PSYCHIATRIC.ANTIPSYCHOTICS","ORAL.SOLID","132.0","",""
"1523","ARIPIPREX 1MG/ML ORAL SOL. 100 ML","أريبيبريكس /مل فموي","ARIPIPRAZOLE","SIGMA > ANDALOUS PHARMA","PSYCHIATRIC.ANTIPSYCHOTICS","ORAL.LIQUID","44.0","",""
"1524","ARIPIPREX 20MG 20 F.C.TAB.","أريبيبريكس","ARIPIPRAZOLE","ANDALOUS PHARMA","PSYCHIATRIC.ANTIPSYCHOTICS","ORAL.SOLID","132.0","",""
"1525","ARIPIPREX 30MG 30 F.C.TAB.","أريبيبريكس","ARIPIPRAZOLE","SIGMA > ANDALOUS PHARMA","PSYCHIATRIC.ANTIPSYCHOTICS","ORAL.SOLID","318.0","",""
"1526","ARIPIPREX 9.75MG/1.3ML 1 VIAL I.M. INJ.","أريبيبريكس فيال","ARIPIPRAZOLE","SUNNY MEDICAL > ANDALOUS PHARMA","PSYCHIATRIC.ANTIPSYCHOTICS","INJECTION","21.5","",""
"1527","ARIXTRA 10MG/0.8ML 10 S.C. PREFILLED SYRINGES(N/A)","أريكسترا حقنة معبأة مسبقًا","FONDAPARINUX SODIUM","ASPEN PHARMA TRADING LIMITED > PHOENIX GROUP","ANTICOAGULANT.LOW MWT HEPARIN SYNTHETIC PENTASACCHARIDE","INJECTION","1050.0","",""
"1528","ARIXTRA 2.5MG/0.5ML 10 S.C. PREFILLED SYRINGES","أريكسترا حقنة معبأة مسبقًا","FONDAPARINUX SODIUM","ASPEN PHARMA TRADING LIMITED > PHOENIX GROUP","ANTICOAGULANT.LOW MWT HEPARIN SYNTHETIC PENTASACCHARIDE","INJECTION","1382.0","",""
"1529","ARIXTRA 5MG/0.4ML 10 S.C. PREFILLED SYRINGES(N/A)","أريكسترا حقنة معبأة مسبقًا","FONDAPARINUX SODIUM","ASPEN PHARMA TRADING LIMITED > PHOENIX GROUP","ANTICOAGULANT.LOW MWT HEPARIN SYNTHETIC PENTASACCHARIDE","INJECTION","980.0","",""
"1530","ARIXTRA 7.5MG/0.6ML 10 S.C PREFILLED SYRINGES","أريكسترا حقنة معبأة مسبقًا","FONDAPARINUX SODIUM","ASPEN PHARMA TRADING LIMITED > PHOENIX GROUP","ANTICOAGULANT.LOW MWT HEPARIN SYNTHETIC PENTASACCHARIDE","INJECTION","2559.0","",""
"1531","ARIZONA HAIR OIL 200ML","أريزونا هير أويل","ALMOND OIL+JOJOBA OIL+COCONUT OIL+WHEAT GERM OIL+ROSEMARY OIL+OLIVE OIL+LAVENDER OIL+SESAME OIL","HI-CARE > PHARMAVERA","HAIR CARE PRODUCTS","UNKNOWN","52.0","",""
"1532","ARKADOLOW 500 MG 30 F.C. TABS.","أركادولوو أقراص مغلفة","PARACETAMOL(ACETAMINOPHEN)","UTOPIA","ANTIPYRETIC","ORAL.SOLID","42.0","",""
"1533","ARKADOLOW EXTRA 30 F.C. TABS.","أركادولوو إكسترا أقراص مغلفة","CAFFEINE+PARACETAMOL(ACETAMINOPHEN)","UTOPIA","MILD ANALGESIC","ORAL.SOLID","57.0","",""
"1534","ARKOTRUE 20 TABS.","أركوترو","INULIN+L-TRYPTOPHAN+CHARCOAL+BIFIDOBACTERIUM LACTIS+LIQUORICE+PEPPERMINT+NIACINAMIDE+LACTOBACILLUS ACIDOPHILUS+PANTOTHENIC ACID+PYRIDOXINE","ORGANIX > ARKOPHARM","DIGESTIVE SYSTEM SUPPORT","ORAL.SOLID","100.0","",""
"1535","ARMODACURE 150 MG 30 TABS.","أرموداكور","ARMODAFINIL","OCTOBER PHARMA","WAKEFULNESS-PROMOTING AGENT","ORAL.SOLID","318.0","",""
"1536","ARMOVIGIL 150 MG 10 TAB","أرموفيجيل","ARMODAFINIL","EGPI > MPI","WAKEFULNESS-PROMOTING AGENT","ORAL.SOLID","32.0","",""
"1537","ARMOVIGIL 50 MG 30 TAB","أرموفيجيل","ARMODAFINIL","EGPI > MPI","WAKEFULNESS-PROMOTING AGENT","ORAL.SOLID","69.0","",""
"1538","ARMOWAKE 150 MG 10 TABS. (N/A)","أرموواك","ARMODAFINIL","EVA PHARMA","WAKEFULNESS-PROMOTING AGENT","ORAL.SOLID","32.0","",""
"1539","ARMOWAKE 50 MG 20 TABS.","أرموواك","ARMODAFINIL","EVA PHARMA","WAKEFULNESS-PROMOTING AGENT","ORAL.SOLID","86.0","",""
"1540","ARNYA ANTISEPTIC SPRAY 60 ML","أرنيا أنتيسيبتيك","DEHYDRATED ALCOHOL+TRIETHANOLAMINE+GLYCERINE+PROPYLENE GLYCOL","EGYPTIAN COMPANY FOR COSMETICS > INFINITY PHARM","ANTISEPTIC","SPRAY","30.0","",""
"1541","AROLYN LOTION 100ML","أرولين","ZINC OXIDE+CALAMINE+CHLORHEXIDINE+TEA TREE OIL+THYME OIL+CHAMOMILE EXTRACT+VITAMIN E+PANTHENOL+CASTOR OIL+JOJOBA OIL+ALLANTOIN+OLIVE OIL+ALOE VERA EXTRACT+GLYCERIN","DREAMS AL HABOBA > DOLPHIN PHARMA","SOOTHING ANTI-PRURITIC MOISTURIZER","TOPICAL","30.0","",""
"1542","AROMALOCK 2.5 MG 30 F.C. TABS","أرومالوك","LETROZOLE","MARCYRL PHARMACEUTICAL INDUSTRIES (MPI)","NON-STEROIDAL AROMATASE INHIBITOR","ORAL.SOLID","621.0","",""
"1543","AROMASIN 25 MG 30 TABS.","أروماسين","EXEMESTANE","PFIZER","ANTINEOPLASTIC","ORAL.SOLID","1382.0","",""
"1544","AROMEGA 60 MG GEL","أروميجا","OMEGA 3+OMEGA 6+MENTHOL+CAMPHOR+CLOVE+AVOCADO OIL+ALMOND OIL+EUCALYPTUS+","ECC > ELIXIR PHARMA","ANTI-INFLAMMATORY","TOPICAL","98.0","",""
"1545","AROMIX 100 MG 14 SACHETS","أروميكس","LACTOFERRIN","MBO PHARMA","IRON SUPPLEMENT","EFF","89.0","",""
"1546","AROMIX PLUS 250 MG 20 CAP","أروميكس بلوس","LACTOFERRIN","ORAGANO PHARMA > MBO PHARMA","IRON SUPPLEMENT","ORAL.SOLID","350.0","",""
"1547","AROZOLE 100 MG 14 CAPS.","أروزول","ITRACONAZOLE","ALFACURE PHARMACEUTICALS","ANTIFUNGALS.TRIAZOLES","ORAL.SOLID","62.0","",""
"1548","AROZOLE 100MG 4CAPS.","أروزول","ITRACONAZOLE","ALFACURE PHARMACEUTICALS","ANTIFUNGALS.TRIAZOLES","ORAL.SOLID","19.2","",""
"1549","ARPIMUNE ME 100MG 50 S.G. CAPS.","أربيمون م 50 س.ج","CYCLOSPORIN","RPG LIFE SCIENCES-INDIA > INTERNATIONAL TRADING OFFICE","IMMUNOSUPPRESSANT","ORAL.SOLID","865.0","",""
"1550","ARPIMUNE ME 25MG 50 S.G. CAPS.","أربيمون م 50 س.ج","CYCLOSPORIN","RPG LIFE SCIENCES-INDIA > INTERNATIONAL TRADING OFFICE","IMMUNOSUPPRESSANT","ORAL.SOLID","218.0","",""
"1551","ARPIMUNE ME 50MG 50 S.G. CAPS.","أربيمون م 50 س.ج","CYCLOSPORIN","RPG LIFE SCIENCES-INDIA > INTERNATIONAL TRADING OFFICE","IMMUNOSUPPRESSANT","ORAL.SOLID","436.0","",""
"1552","ARROMAPRAZAN 20 MG 20 F.C. TABS.","أررومابرازان أقراص مغلفة","VONOPRAZAN","SAJA PHARMACEUTICAL > EP PHARMA","PEPTIC ULCER.POTASSIUM-COMPETITIVE ACID BLOCKER","ORAL.SOLID","138.0","",""
"1553","ARSENAL 20 CAPSULES","أرسينال","GLUCOSAMINE SULPHATE+CURCUMIN+VITAMIN C+VITAMIN D3+VITAMIN E+SILICA+BORON+SELENIUM+MOLYBDNEUM+ZINC++","GRAND PHARMA","JOINT CARE","ORAL.SOLID","39.0","",""
"1554","ART Q CREAM 60 GM","أرت ك","","EL-HELOU PERFUMES & COSMETICS > BADR PHARMA","ANTI-ACNE","TOPICAL","65.0","",""
"1555","ART Q FACIAL CLEANSER 200 ML","أرت ك للوجه كليانسير","","EL-HELOU PERFUMES & COSMETICS > BADR PHARMA","ANTI-ACNE","TOPICAL","80.0","",""
"1556","ARTAGONE 30 H.G CAPS.","أرتاجون 30 ه.ج","","NAPCO","LIVER SUPPORT SUPPLEMENT","ORAL.SOLID","76.0","",""
"1557","ARTAMINE 250MG 50 CAPS.","أرتامين","PENICILLAMINE","SANDOZ > EGYPTIAN PHARMACEUTICAL TRADING COMPANY","ANTIRHEUMATIC AGENT.WILSON S DISEASE.ANTIDOTE CHELATING AGENT","ORAL.SOLID","184.0","",""
"1558","ARTEC 500/500MG 20 F.C.TABS.","أرتيك 500 500/500 قرص","CHONDROITIN+GLUCOSAMINE","ARAB CAPS > GOLDEN QUEEN","ANTI-RHEUMATIC.OSTEOARTHRITIS.ANABOLIC AGENTS","ORAL.SOLID","70.0","",""
"1559","ARTELAC OPHTIOLE 3.2MG/ML EYE DROPS 10 ML 2 BOTTLES","أرتيلاك أوفتيول /مل قطرة عين 2 بوتتليس","HYDROXYPROPYL METHYLCELLULOSE","MINA PHARM > DR.MANN-GERMANY","EYE LUBRICANT","EYE","20.0","",""
"1560","ARTHENIA CREAM 20GM","أرثينيا","LIQUORICE+KOJIC ACID+VITAMINS (A-C-E)+LACTIC ACID+TEA TREE OIL","EL-HELOU PERFUMES & COSMETICS > DEVARTLAB PHARMA","WHITENING TOPICALS","TOPICAL","105.0","",""
"1561","ARTHENIA CREAM 50GM","أرثينيا","LIQUORICE+KOJIC ACID+VITAMINS (A-C-E)+LACTIC ACID+TEA TREE OIL","EL-HELOU PERFUMES & COSMETICS > DEVARTLAB PHARMA","WHITENING TOPICALS","TOPICAL","250.0","",""
"1562","ARTHFREE 100 MG 3 F.C.TABS.","أرثفر","LEFLUNOMIDE","EVA PHARMA","IMMUNOSUPPRESSIVE AGENT.ANTIRHEUMATIC ANTIVIRAL AGENT.PYRIMIDINE SYNTHESIS INHIBITOR","ORAL.SOLID","60.0","",""
"1563","ARTHFREE 20 MG 30 F.C.TABS.","أرثفر","LEFLUNOMIDE","EVA PHARMA","IMMUNOSUPPRESSIVE AGENT.ANTIRHEUMATIC ANTIVIRAL AGENT.PYRIMIDINE SYNTHESIS INHIBITOR","ORAL.SOLID","261.0","",""
"1564","ARTHICART 20 F.C TABS","أرثيكارت","COLLAGEN TYPE ||+GLUCOSAMINE SULPHATE+CHONDROITIN SULPHATE+VIT D3+VIT E+VIT C+VIT B12+FOLICACID+SELENIUM+ZINC+MANGANESE+COPPER","PHARMA ZAD > NANO CURA","MULTIVITAMIN","ORAL.SOLID","260.0","",""
"1565","ARTHINEUR 10 CAPS.","أرثينيور","DICLOFENAC SODIUM+VITAMIN B1+VITAMIN B6+VITAMIN B12","EGYPHAR","NSAID COMBINED WITH VITAMIN B","ORAL.SOLID","23.0","",""
"1566","ARTHOJO 30TABS","أرثوجو","GLUCOSAMINE SULPHATE 2KCL+METHYL SULFONYL METHANE (MSM)+ROSE HIPS POWDER EXTRACT+CHONDROITIN SULPHATE+GINGER ROOT EXTRACT+VITAMIN D3 AS CHOLECALCIFEROL+L- ASCORBIC ACID+FOLIC ACID+CYANOCOBALAMIN+ZINC GLUCONATE+COPPER SULPHATE+MANGANESE SULFATE+SODIUM SELENATE","PHARMA ZAD > BEE GROUP & PHARMATREAT","DIETARY SUPPLEMENT","ORAL.SOLID","210.0","",""
"1567","ARTHRICOX 15 MG 10 TAB.","أرثريكوكس","MELOXICAM","CID","NSAID.OXICAM","ORAL.SOLID","7.0","",""
"1568","ARTHRITIS FREE TOPICAL SPRAY 150 ML","أرثريتيس فري","MENTHOL+METHYL SALICYLATE","EGYPTIAN CO. FOR ADV. PHARMA. (ECAP) > MILLENIUM PHARMA-EGYPT","ANALGESIC","SPRAY","18.0","",""
"1569","ARTHROFAST 150 MG 14 M.R. TABLETS","أرثروفاست","DICLOFENAC SODIUM","NOVARTIS","NSAID.ACETIC ACID DERIVATIVES","ORAL.SOLID","120.0","",""
"1570","ARTHROHOLD 400 MG 30 CAPS.","أرثروهولد","AVOCADO SOYBEAN","COPAD > PARKVILLE PHARMACEUTICALS","JOINT HEALTH","ORAL.SOLID","450.0","",""
"1571","ARTHROHOLD PLUS","أرثروهولد بلوس","AVOCADO SOYA BEAN+HYALURONIC ACID+MSM+BROMELAIN+BOSWELLIA SERATTA+VITD","COPAD > PARKVILLE","DIETARY SUPPLEMENT","EFF","390.0","",""
"1572","ARTHROSAMINE 30 CAPS.","أرثروسامين","GLUCOSAMINE+GINKO BILOBA LEAF EXTRACT","AL ROWAD PHARMACEUTICAL INDUSTRIAL CO.","ANTI-RHEUMATIC.OSTEOARTHRITIS.ANABOLIC AGENTS","ORAL.SOLID","31.5","",""
"1573","ARTI TOP. LOTION 120 ML","أرتي موضعي","PANTHENOL+VITAMIN C+GRAPE SEED EXT.+HONEY","EL-HELOU PERFUMES & COSMETICS > BIOSTAR PHARMA","HEALING TOPICAL","UNKNOWN","85.0","",""
"1574","ARTICAVOL 75MG/3ML 3 AMP.","أرتيكافول أمبول","DICLOFENAC SODIUM","GLOBAL PHARMACEUTICAL INDUSTRIES","NSAID.ACETIC ACID DERIVATIVES","INJECTION","33.0","",""
"1575","ARTICU-SAFE 50MG 30 CAPS.","أرتيكو-ساف","DIACEREIN","GLOBAL NAPI PHARMACEUTICALS","ANTI-INFLAMMATORY","ORAL.SOLID","111.0","",""
"1576","ARTICULAGE 10 SACHETS","أرتيكولاج","GLUCOSAMINE SULFATE+COLLAGEN HYDROLYSATE (MARINE)+CHONDRIOTIN SULFATE+METHYL SULFONYL METHANE(MSM)+HYALURONIC ACID","AMCOMED","ANTI-RHEUMATIC.OSTEOARTHRITIS.ANABOLIC AGENTS","EFF","140.0","",""
"1577","ARTICULAGE 30 SACHETS","أرتيكولاج","GLUCOSAMINE SULFATE+COLLAGEN HYDROLYSATE (MARINE)+CHONDRIOTIN SULFATE+METHYL SULFONYL METHANE(MSM)+HYALURONIC ACID","AMCOMED","ANTI-RHEUMATIC.OSTEOARTHRITIS.ANABOLIC AGENTS","EFF","390.0","",""
"1578","ARTICULUS CAPSULE","أرتيكولوس","GLUCOSAMINE SULFATE+HYDROLYZED COLLAGEN+VITAMIN C","ORGANIX > CELENOVA PHARMACEUTICAL","OSTEOARTHRITIS","ORAL.SOLID","190.0","",""
"1579","ARTIFICIAL SALIVA ORAL SPRAY 30 ML","أرتيفيسيال ساليفا فموي","CALCIUM CHLORIDE+MAGNESIUM CHLORIDE+POTASSIUM CHLORIDE+POTASSIUM HYDROXIDE+SODIUM CHLORIDE","SIGMA TEC","ORAL CARE","SPRAY","8.0","",""
"1580","ARTILANE CLASSIC 15 BOTTLES 10 ML","أرتيلاني كلاسسيك 15 بوتتليس","ENZYMATIC HYDROLYZED COLLAGEN+HYALURONIC ACID+QUERCETINE+LYCOPENE+VITAMIN C+COENZYME Q10+MAGNESIUM+ZINC","OPKO HEALTH IBEROAMERICA > PHOENIX GROUP","JOINT CARE","ORAL.LIQUID","390.0","",""
"1581","ARTILANE FORTE 15 BOTTLES 10 ML","أرتيلاني فورتي 15 بوتتليس","GLUCOSAMINE+CHONDROITIN+BOSWELLIA+ENZYMATIC HYDROLYZED COLLAGEN+HYALURONIC ACID+QUERCETINE+LYCOPENE+VITAMIN C+COENZYME Q10+MAGNESIUM+ZINC","OPKO HEALTH IBEROAMERICA > PHOENIX GROUP","JOINT CARE","ORAL.LIQUID","990.0","",""
"1582","ARTINIBSA 40MG/0.005MG/ML S.C./I.M INJ.","أرتينيبسا / /مل ","ADRENALINE+ARTICAINE","INIBSA-SPAIN > WEDJAT PHARMA","DENTAL ANAESTHETIC","INJECTION","500.0","",""
"1583","ARTINIBSA 40MG/0.01MG/ML S.C./I.M. INJ.","أرتينيبسا / /مل ","ADRENALINE+ARTICAINE","INIBSA-SPAIN > WEDJAT PHARMA","DENTAL ANAESTHETIC","INJECTION","600.0","",""
"1584","ARTISOY 30 F.C. TABS.","أرتيسوي أقراص مغلفة","GLUCOSAMINE SULFATE+CHONDROITIN SULFATE+AVOCADO SOYBEAN","APEX PHARMA","ANTI-RHEUMATIC.OSTEOARTHRITIS.ANABOLIC AGENTS","ORAL.SOLID","240.0","",""
"1585","ARTIXIBAN 2.5 MG 30 F.C. TABS.","أرتيكسيبان أقراص مغلفة","APIXABAN","MASH PREMIERE","ANTICOAGULANT","ORAL.SOLID","426.0","",""
"1586","ARTIXIBAN 5 MG 30 F.C. TABS.","أرتيكسيبان أقراص مغلفة","APIXABAN","MASH PREMIERE","ANTICOAGULANT","ORAL.SOLID","444.0","",""
"1587","ARTOFENAC 0.09% EYE DROPS 5 ML","أرتوفيناك 0.09% قطرة عين","BROMFENAC","EVA PHARMA","NSAID","EYE","40.0","",""
"1588","ARTPHARMADENT 1:100 000- 50 CARTRIDGES 1.7 ML","أرتفارمادينت 1:100 000- 50 خرطوشة","ARTICAINE HYDROCHLORIDE 4%+EPINEPHRINE 0.017MG","ART PHARMA","ANALGESIC.DENTAL LOCAL ANESTHETIC","UNKNOWN","850.0","",""
"1589","ARTPHARMADENT 1:200 000 - 50 CARTRIDGES 1.7 ML","أرتفارمادينت 1:200 000 - 50 خرطوشة","ARTICAINE HYDROCHLORIDE 4%+EPINEPHRINE 0.0085 MG","ART PHARMA","ANALGESIC.DENTAL LOCAL ANESTHETIC","UNKNOWN","850.0","",""
"1590","ARYTHREX 200MG 20 CAPS.","أريثريكس","CELECOXIB","AMOUN","NSAID.SELECTIVE COX-2 INHIBITORS","ORAL.SOLID","94.0","",""
"1591","ASCELERA MASSAGE GEL 60 GM","أسسيليرا مساج","METHYL SALICYLATE+MENTHOL+GINKGO BILOBA","> ALPHABET PHARMA","MASSAGE","TOPICAL","70.0","",""
"1592","ASCIZADEX-N TOP. GEL 40 GM","أسسيزاديكس-ن موضعي","AESCIN+DIETHYLAMINE SALICYLATE","ZAD","NSAID.ANTIREHUMATIC.SALICYLATES","TOPICAL","46.0","",""
"1593","ASCO-ZINC 30 CAPS.","أسكو-زينك","VITAMIN C+ZINC BISGLYCINATE CHELATE","COPAD PHARMA > ORCHIDIA PHARMACEUTICAL INDUSTRIES","MULTIVITAMINS","ORAL.SOLID","75.0","",""
"1594","ASCOCITRIN C 20 TABLET","أسكوسيترين ك","HESPERIDIN 50 MG+RUTIN 50 MG+VITAMIN C 500 MG","ORGANIX FOR DIETARY SUPPLEMENTS > IBM PHARAMA","FLAVONOIDS","ORAL.SOLID","112.0","",""
"1595","ASCODAL 45 EFF. TABS.","أسكودال 45 إفف","VITAMIN C+VITAMIN D3+ZINC","AMCOMED","MULTIVITAMIN","ORAL.SOLID","150.0","",""
"1596","ASCOKARM 500MG 20 CAPS.","أسكوكارم","VITAMIN C","KARMAN PHARMACEUTICAL INDUSTRIES","VITAMIN C","ORAL.SOLID","35.0","",""
"1597","ASCOKARM-ZINC 20 CAPS.","أسكوكارم-زينك","VITAMIN C+ZINC","KARMAN PHARMACEUTICAL INDUSTRIES","MULTIVITAMINS","ORAL.SOLID","65.0","",""
"1598","ASCOR CREAM 30 GM","أسكور","VITAMIN C","COSMOPACK > NORMA PHARM","MOISTURIZING TOPICAL","TOPICAL","109.8","",""
"1599","ASCORBACIL 1 GM 20 IMMEDIATE REL. TABS.","أسكورباسيل 20 إمميديات ريل","VITAMIN C","ATCO PHARMA > BIOCAPITAL PHARMA","VITAMIN C","ORAL.SOLID","82.0","",""
"1600","ASCORBIC ACID ORAL DROPS 15 ML","أسكوربيك أسيد فموي","VITAMIN C","> ATLAS PHARMACEUTICAL","VITAMIN C","ORAL.LIQUID","45.0","",""
"1601","ASCORBOVIT 1 GM 6 SACHETS","أسكوربوفيت","VITAMIN C","PHARCO","VITAMIN C","EFF","5.0","",""
"1602","ASCOZENTAL 10 GRANULES FOR ORAL SUSP. SACHETS","أسكوزينتال فموي . أكياس","PARACETAMOL(ACETAMINOPHEN)+VITAMIN C","MEDIZEN PHARMACEUTICAL INDUSTRIES","COLD PRODUCTS","EFF","60.0","",""
"1603","ASCOZENTAL 6 GRANULES FOR ORAL SUSP. SACHETS","أسكوزينتال فموي . أكياس","PARACETAMOL(ACETAMINOPHEN)+VITAMIN C","MEDIZEN PHARMACEUTICAL INDUSTRIES","COLD PRODUCTS","EFF","24.0","",""
"1604","ASEN BABY CREAM 50 GM","أسين بابي","ZINC OXIDE+CASTOR OIL+OLIVE OIL+CHAMOMILE+ALOE VERA+TOCOPHEROL+RETINYL PALMITATE+BEESWAX","COSMOPACK FOR COSMETICS > INFINITY PHARMA FOR PHARMACEUTICALS","SKIN CARE.MOISTURIZING","TOPICAL","49.0","",""
"1605","ASENA B COMPLEX 30 SUBLINGUAL TABLETS","أسينا ب كومبليكس 30 تحت اللسان","VITAMIN B6+VITAMIN B12+BIOTIN+FOLIC ACID","KARMAN FOR PHARMACEUTICAL INDUSTRIES > ASENA PHARMA","VITAMIN B COMPLEX","ORAL.SOLID","180.0","",""
"1606","ASENADIA 10 MG 10 SUBLINGUAL TABS.","أسيناديا 10 تحت اللسان","ASENAPINE","WESTERN PHARMACEUTICALS INDUSTRIES > WESTERN PHARMA","ANTIPSYCHOTIC","ORAL.SOLID","168.0","",""
"1607","ASENADIA 10 MG 30 SUBLINGUAL TABS.","أسيناديا 30 تحت اللسان","ASENAPINE","WESTERN PHARMACEUTICALS INDUSTRIES > WESTERN PHARMA","ANTIPSYCHOTIC","ORAL.SOLID","298.5","",""
"1608","ASENAPINE-HIKMA 10MG 30 SUBLINGUAL TABS.","أسينابيني-هيكما 30 تحت اللسان","ASENAPINE","HIKMA PHARMA","ANTIPSYCHOTIC","ORAL.SOLID","298.5","",""
"1609","ASENAPINE-HIKMA 2.5MG 30 SUBLINGUAL TABS.","أسينابيني-هيكما 30 تحت اللسان","ASENAPINE","HIKMA PHARMA","ANTIPSYCHOTIC","ORAL.SOLID","182.25","",""
"1610","ASENAPINE-HIKMA 5MG 30 SUBLINGUAL TABS.","أسينابيني-هيكما 30 تحت اللسان","ASENAPINE","HIKMA PHARMA","ANTIPSYCHOTIC","ORAL.SOLID","298.5","",""
"1611","ASEROPIX 20 CAP","أسيروبيكس","30 MG IRON ( AS FERROUS BISGLYCINATE+400 MCG FOLIC ACID+180 MG VITAMIN C+LACTOFRRIN 10 MG = 40 MG TRADITIONAL LACTOFRRIN","ORGANIX > KARMED PHARM","IRON SUPPLEMENT","ORAL.SOLID","135.0","",""
"1612","ASHWAGANDHA 500 MG 30 CAPSULES","أشواجانذا","ASHWAGANDHA ROOT EXTRACT","ALVERTON PHARMA > DOLLS PHARMA","MULTIVITAMIN","ORAL.SOLID","180.0","",""
"1613","ASHWAHERB 30 HGC","أشواهيرب 30 هجك","ASHWAGANDHA EXTRACT","DAWA EGYPT > PRIME SOLUTIONS","MULTIVITAMIN","ORAL.SOLID","350.0","",""
"1614","ASHWASTAR ANTIOXIDANT 30 H.G. CAPS.","أشواستار أنتيوكسيدانت 30 ه.ج","ASHWAGANDHA ROOT EXTRACT","DULEXLAB > GROWTH PHARMA","MULTIVITAMIN","ORAL.SOLID","330.0","",""
"1615","ASHWASTAR THEANINE 30 H.G. CAPS.","أشواستار ثيانين 30 ه.ج","ASHWAGANDHA ROOT EXTRACT+L-THEANINE","DULEXLAB > GROWTH PHARMA","MULTIVITAMIN","ORAL.SOLID","250.0","",""
"1616","ASICO TOOTHPASTE GEL 60 GM","أسيكو توثباست","CETYLPYRIDINIUM CHLORIDE+CLOVE OIL+MENTHOL+SODIUM MONOFLUROPHOSPHATE+CHAMOMILE OIL+SODIUM LAURYL SULPHATE","EGYPTIAN CO. FOR COSMETICS > HEMA PHARM","ORAL CARE","TOPICAL","45.0","",""
"1617","ASILA 10 SACHET","أسيلا","PSYLLIUM HUSK","PHARMAZAD > INCEPTION PHARMA","DIETARY SUPPLEMENT","EFF","110.0","",""
"1618","ASKINE 300/10 MG 10 TAB.","أسكين 300 300/10 قرص","ACETYLSALICYLIC ACID+CAFFEINE","ALEXANDRIA","NSAID","ORAL.SOLID","1.05","",""
"1619","ASMACID 30 TAB.","أسماسيد","EPHEDRINE+MECLIZINE+PHENOBARBITONE+THEOPHYLLINE","CID","","ORAL.SOLID","5.0","",""
"1620","ASMAKAST 10 MG 30 F.C.TABS.","أسماكاست","MONTELUKAST","MINA PHARM > SANDOZ","ASTHMA.ANTI-INFLAMMATORY.LEUKOTRIENE ANTAGONIST","ORAL.SOLID","156.0","",""
"1621","ASMAKAST 5 MG 30 CHEWABLE TABS.","أسماكاست 30 تشيوابل","MONTELUKAST","MINA PHARM > SANDOZ","ASTHMA.ANTI-INFLAMMATORY.LEUKOTRIENE ANTAGONIST","ORAL.SOLID","120.0","",""
"1622","ASMAKAST PAEDIATRIC 4MG ORAL GRANULES 10 SACHETS","أسماكاست بايدياتريك فموي","MONTELUKAST","NOVARTIS > SANDOZ","ASTHMA.ANTI-INFLAMMATORY.LEUKOTRIENE ANTAGONIST","EFF","24.0","",""
"1623","ASMALAIR 10MG 10 TAB.","أسمالاير","MONTELUKAST","HI-PHARM","ASTHMA.ANTI-INFLAMMATORY.LEUKOTRIENE ANTAGONIST","ORAL.SOLID","40.0","",""
"1624","ASMALAIR 5MG 10 TAB.","أسمالاير","MONTELUKAST","HI-PHARM","ASTHMA.ANTI-INFLAMMATORY.LEUKOTRIENE ANTAGONIST","ORAL.SOLID","33.6","",""
"1625","ASMATROPIM 250MCG/ML 20 NEBULIZER VIAL SOLN.","أسماتروبيم /مل 20 نيبوليزير","IPRATROPIUM BROMIDE","GLOBAL ADVANCED PHARMACEUTICALS (GAP) > GLOBAL PHARMACEUTICAL INDUSTRIES","ANTI-MUSCARINIC.ASTHMA","INHALATION","70.0","",""
"1626","ASMATROPIM 500MCG/2ML 20 NEBULIZER VIAL SOLN.","أسماتروبيم فيال","IPRATROPIUM BROMIDE","GLOBAL ADVANCED PHARMACEUTICALS (GAP) > GLOBAL PHARMACEUTICAL INDUSTRIES","ANTI-MUSCARINIC.ASTHMA","INHALATION","164.0","",""
"1627","ASMAZON CREAM 30GM","أسمازون","CLIMBAZOLE","> PHARMAKON","ANTI-FUNGAL","TOPICAL","55.0","",""
"1628","ASMAZON SPRAY 60ML","أسمازون","CLIMBAZOLE","> PHARMAKON","ANTI-FUNGAL","SPRAY","85.0","",""
"1629","ASMOLIN 20 TAB.","أسمولين","EPHEDRINE+PHENOBARBITONE+THEOPHYLLINE","EIPICO","","ORAL.SOLID","6.5","",""
"1630","ASPAIN 300MG 20*10 TAB.","أسباين 20","ACETYLSALICYLIC ACID","ALEXANDRIA","NSAID.SALICYLATES","ORAL.SOLID","24.0","",""
"1631","ASPARAGINASE-MEDAC 10000 I.U. VIAL SS","أسباراجيناسي-ميداك 10000 إ.أو. سس","ASPARAGINASE(L-ASPARAGINASE)","MEDAC > EGYPTIAN PHARMACEUTICAL TRADING COMPANY","ANTINEOPLASTIC","INJECTION","2500.0","",""
"1632","ASPATREND 10 SACHETS","أسباتريند","L-ORNITHINE-L-ASPARTATE","MEDIZEN PHARMACEUTICAL INDUSTRIES > TREND PHARM","LIVER SUPPORT SUPPLEMENT","EFF","160.0","",""
"1633","ASPATREND 5GM/10ML 5 VIALS . I.V. INF.","أسباتريند فيال","L-ORNITHINE-L-ASPARTATE","BADR PHARMA > TREND PHARM","LIVER SUPPORT SUPPLEMENT","INJECTION","190.0","",""
"1634","ASPATREND 6 SACHETS","أسباتريند","L-ORNITHINE-L-ASPARTATE","MEDIZEN PHARMACEUTICAL INDUSTRIES > TREND PHARM","LIVER SUPPORT SUPPLEMENT","EFF","96.0","",""
"1635","ASPETOVENT 10MG/ML I.V. VIAL 3 ML","أسبيتوفينت /مل","CAFFEINE","EVA PHARMA","CNS.STIMULANT.METHYLXANTHINES","INJECTION","30.0","",""
"1636","ASPICO 81MG 30 CHEWABLE TABS.","أسبيكو 30 تشيوابل","ACETYLSALICYLIC ACID","UNIPHARMA CO. > NOVELL PHARMA","NSAID.SALICYLATES","ORAL.SOLID","12.0","",""
"1637","ASPICURE-COMBI 10 F.C. TABS.","أسبيكوري-كومب أقراص مغلفة","ACETYLSALICYLIC ACID+CAFFEINE+PARACETAMOL(ACETAMINOPHEN)","CHEMIPHARM","NSAID","ORAL.SOLID","8.25","",""
"1638","ASPIN MIX 10 SACHETS (CHOCOLATE)","أسبين ميكس","","FUTURE PHARMACEUTICAL INDUSTRIES (FPI) > ASPIN PHARMACEUTICAL","DIETARY SUPPLEMENT","EFF","70.0","",""
"1639","ASPIN MIX 10 SACHETS (VANILLA)","أسبين ميكس","","FUTURE PHARMACEUTICAL INDUSTRIES (FPI) > ASPIN PHARMACEUTICAL","DIETARY SUPPLEMENT","EFF","70.0","",""
"1640","ASPIRGINE 0.9GM I.V./I.M. VIAL (N/A)","أسبيرجين ","LYSINE ACETYLSALICYLATE","UP PHARMA","","INJECTION","4.5","",""
"1641","ASPIRIN PROTECT 100 MG 30 GASTRO-RESISTANT TABS.","أسبيرين بروتيكت 30 جاسترو-ريسيستانت","ACETYLSALICYLIC ACID","MEMPHIS > BAYER BITTERFELD GMBH-GERMANY","NSAID.SALICYLATES","ORAL.SOLID","78.0","",""
"1642","ASPIRIN-CHEMIPHARM 75 MG 30 CHEW.TABS.","أسبيرين-تشيميفارم 30 قابل للمضغ","ACETYLSALICYLIC ACID","CHEMIPHARM","NSAID.SALICYLATES","ORAL.SOLID","12.0","",""
"1643","ASPO NASR 300MG 200 TAB.","أسبو ناسر","ACETYLSALICYLIC ACID","EL NASR","NSAID.SALICYLATES","ORAL.SOLID","14.0","",""
"1644","ASPOCARD 150MG 20 CHEW. TAB.","أسبوكارد 20 قابل للمضغ","ACETYLSALICYLIC ACID","CID","NSAID.SALICYLATES","ORAL.SOLID","4.9","",""
"1645","ASPOCID 300 MG 200 TABS.","أسبوسيد","ACETYLSALICYLIC ACID","CID","NSAID.SALICYLATES","ORAL.SOLID","80.0","",""
"1646","ASPOCID 75MG 20 TAB.","أسبوسيد","ACETYLSALICYLIC ACID","CID","NSAID.SALICYLATES","ORAL.SOLID","22.0","",""
"1647","ASPOCID 75MG 30 TAB.","أسبوسيد","ACETYLSALICYLIC ACID","CID","NSAID.SALICYLATES","ORAL.SOLID","33.0","",""
"1648","ASPOCID PAEDIATRIC 75MG 30 CHEW. TABS.","أسبوسيد بايدياتريك 30 قابل للمضغ","ACETYLSALICYLIC ACID","CID","NSAID.SALICYLATES","ORAL.SOLID","35.0","",""
"1649","ASPOPHAR 81 MG 30 E.C. TABS.","أسبوفار 30 إ.ك","ACETYLSALICYLIC ACID","EGYPHAR","NSAID.SALICYLATES","ORAL.SOLID","45.0","",""
"1650","ASPRAM 1.5 M.I.U. 8 F.C. TAB.","أسبرام 1.5 م.إ.أو أقراص مغلفة","SPIRAMYCIN","ALEXANDRIA","ANTIBIOTIC.MACROLIDE","ORAL.SOLID","5.5","",""
"1651","ASPRICARLO 81MG 30 CHEWABLE TABS.","أسبريكارلو 30 تشيوابل","ACETYLSALICYLIC ACID","EUROPEAN EGYPTIAN PHARM. IND.","NSAID.SALICYLATES","ORAL.SOLID","45.0","",""
"1652","ASPROTECT 100 MG 30 E.C.TABS.","أسبروتيكت 30 إ.ك","ACETYLSALICYLIC ACID","RAMEDA","NSAID.SALICYLATES","ORAL.SOLID","54.0","",""
"1653","ASSAX CREAM","أسساكس","PANTHENOL+JOJOBA OIL+CHAMOMILE EXTRACT+OLIVE OIL+HONEY+WHEAT GERM OIL+SOFFLOWER OIL+GLYCERIN","SMARTEC FOR MEDICAL PRODUCTS &COSMETICS > MARAN ASSA","TOPICAL CREAM","TOPICAL","40.0","",""
"1654","ASTHMARELIEF 2.5 MG NEBULIZER SOLN. 20 AMP. 2.5ML","أسثماريليف نيبوليزير","SALBUTAMOL","EVA PHARMA","BRONCHODILATOR","INJECTION","124.0","",""
"1655","ASTHMARELIEF 5 MG NEBULIZER SOLN. 20 AMP. 2.5ML","أسثماريليف نيبوليزير","SALBUTAMOL","EVA PHARMA","BRONCHODILATOR","INJECTION","124.0","",""
"1656","ASTHMATROL 1 PACK /200 INHALER","أسثماترول 1 باك /200","IPRATROPIUM BROMIDE 20MCG+FENOTEROL HYDROBROMIDE 50MCG","THE ARAB DRUG COMPANY (ADCO)","IPRATROPIUM BROMIDE ANTI-MUSCARINIC +FENOTEROL BETA 2 RECEPTOR STIMULATION IN LUNG","INHALATION","86.5","",""
"1657","ASTHMEC 10 MG 20 TAB.","أسثميك","BAMBUTEROL","CHEMIPHARM","BRONCHODILATOR.LONG ACTING BETA 2 AGONIST","ORAL.SOLID","21.0","",""
"1658","ASTHMEC 20MG 20 TABS.","أسثميك","BAMBUTEROL","CHEMIPHARM","BRONCHODILATOR.LONG ACTING BETA 2 AGONIST","ORAL.SOLID","30.0","",""
"1659","ASTIN 10 MG 20 F.C. TABS.","أستين أقراص مغلفة","EBASTINE","FUTURE PHARMACEUTICAL INDUSTRIES (FPI)","ANTI-HISTAMINE.ANTI-ALLERGY","ORAL.SOLID","46.0","",""
"1660","ASTIN 20 MG 20 F.C.TABS.","أستين","EBASTINE","FUTURE PHARMACEUTICAL INDUSTRIES (FPI)","ANTI-HISTAMINE.ANTI-ALLERGY","ORAL.SOLID","46.0","",""
"1661","ASTIN 5MG/5ML SYRUP 100 ML","أستين شراب","EBASTINE","FUTURE PHARMACEUTICAL INDUSTRIES (FPI)","ANTI-HISTAMINE.ANTI-ALLERGY","ORAL.LIQUID","42.0","",""
"1662","ASTONIN-H 0.1MG 30 TAB.","أستونين-ه","FLUDROCORTISONE","AMOUN > MERCK KGAA F.R.GERMANY","ADRENOCORTICAL STEROI","ORAL.SOLID","18.0","",""
"1663","ASTRACALMITO SYRUP","أستراكالميتو","IVY LEAF - THYME","DAWA EGYPT INTERNATIONAL > ASTRATECH","ANTI COUGH","ORAL.LIQUID","57.0","",""
"1664","ASTRAFEROL 30 TABLETS","أسترافيرول","VITAMIN D3","LIFE SAVER INTERNATIONAL FOR FOOD SUPPLEMENTS > ASTRA ZED PHARMACEUTICAL","MULTIVITAMIN","ORAL.SOLID","125.0","",""
"1665","ASTRANIDA 500MG 10 F.C.TAB.","أسترانيدا","ORNIDAZOLE","PHARMED HEALTHCARE","ANTIPROTOZOAL","ORAL.SOLID","33.0","",""
"1666","ASTRANTIA JOINT SUPPORT 120 TABLETS","أسترانتيا جوينت سوببورت","GLUCOSAMINE HCL+CHONDROITIN SULFATE SODIUM+MSM+HYDROLIZED COLLAGEN TYPE 2+HYALURONATE ACID","ASTRANTIA USA","DIETARY SUPPLEMENTS","ORAL.SOLID","1000.0","",""
"1667","ASTRANTIA JOINT SUPPORT 60 TABLETS","أسترانتيا جوينت سوببورت","GLUCOSAMINE HCL+MSM+CHONDROITIN SULFATE+HYALURONIC ACID+HYDROLIZED COLLAGEN TYPE 2","ASTRANTIA USA","DIETARY SUPPLEMENTS","ORAL.SOLID","975.0","",""
"1668","ASTROGLIDE GEL 35ML","أستروجليدي","","BIOFILM > EXCELLENCE","LUBRICANT","TOPICAL","39.0","",""
"1669","ASTROGLIDE GEL 73.9ML","أستروجليدي","","BIOFILM > EXCELLENCE","LUBRICANT","TOPICAL","54.0","",""
"1670","ASTROHEAM 10 CAPS.","أستروهيام","LACTOFERRIN 200 MG+IRON 20 MG+VIT C 100 MG+FOLIC ACID 200 MCG+VIT B12 1 MCG","MASH PREMIERE > ED PHARMA","HEMATINIC","ORAL.SOLID","150.0","",""
"1671","ASUTEC 300MG 20 CAPS. (N/A)","أسوتيك","AVOCADO OIL+SOYA BEAN OIL","MARCYRL PHARMACEUTICAL INDUSTRIES (MPI) > PHARMA GREEN","JOINTS ARTHRITIS","ORAL.SOLID","41.5","",""
"1672","ASYLON 20 TAB.","أسيلون","CALCIUM CARBONATE+DIMETHICONE+GLYCINE","CHEMIPHARM","ANTACID","ORAL.SOLID","11.0","",""
"1673","ATACAND 16 MG 14 TABS.","أتاكاند","CANDESARTAN CILEXETIL","ASTRA ZENECA","ANTIHYPERTENSIVE.ARBS","ORAL.SOLID","116.0","",""
"1674","ATACAND 4 MG 14 TABS.","أتاكاند","CANDESARTAN CILEXETIL","ASTRA ZENECA","ANTIHYPERTENSIVE.ARBS","ORAL.SOLID","39.75","",""
"1675","ATACAND 8 MG 14 TABS.","أتاكاند","CANDESARTAN CILEXETIL","ASTRA ZENECA","ANTIHYPERTENSIVE.ARBS","ORAL.SOLID","83.0","",""
"1676","ATACAND 8 MG 28 TABS.","أتاكاند","CANDESARTAN CILEXETIL","ASTRA ZENECA","ANTIHYPERTENSIVE.ARBS","ORAL.SOLID","120.5","",""
"1677","ATACAND PLUS 16/12.5 MG 14 TABS.","أتاكاند بلوس 16 16/12.5 قرص","CANDESARTAN CILEXETIL+HYDROCHLOROTHIAZIDE","ASTRA ZENECA > HEALTHY FAMILY","ANTI-HYPERTENSIVE. COMBINED ANGIOTENSIN BLOCKER WITH DIURETIC","ORAL.SOLID","116.0","",""
"1678","ATACAND PLUS 32/25 MG 14 TABS.","أتاكاند بلوس 32 32/25 قرص","CANDESARTAN CILEXETIL+HYDROCHLOROTHIAZIDE","ASTRA ZENECA > HEALTHY FAMILY","ANTI-HYPERTENSIVE. COMBINED ANGIOTENSIN BLOCKER WITH DIURETIC","ORAL.SOLID","179.0","",""
"1679","ATALUX CREAM 40 GM","أتالوكس","","HI-CARE > CHEMI HEALTH","","TOPICAL","22.0","",""
"1680","ATARAX 10 MG 20 TABS.","أتاراكس","HYDROXYZINE HYDROCHLORIDE","CID","ANTI-HISTAMINE.SEDATIVE.FIRST GENERATION","ORAL.SOLID","22.0","",""
"1681","ATARAX 25 MG 25 TABS.(N/A)","أتاراكس","HYDROXYZINE HYDROCHLORIDE","CID","ANTI-HISTAMINE.SEDATIVE.FIRST GENERATION","ORAL.SOLID","12.0","",""
"1682","ATCO-C 30 TABS.","أتكو-ك","VITAMIN C+ZINC","ATCO PHARMA","MULTIVITAMIN","ORAL.SOLID","65.0","",""
"1683","ATCOCARDISIL 8/2.5 MG 30 TABS.","أتكوكارديسيل 8 8/2.5 قرص","CANDESARTAN CILEXETIL+AMLODIPINE","ATCO PHARMA","ANTIHYPERTENSIVE.SELECTIVE CALCIUM CHANNEL BLOCKER PLUS ARB","ORAL.SOLID","88.5","",""
"1684","ATCOCARDISIL 8/5 MG 30 TABS.","أتكوكارديسيل 8 8/5 قرص","CANDESARTAN CILEXETIL+AMLODIPINE","ATCO PHARMA","ANTIHYPERTENSIVE.SELECTIVE CALCIUM CHANNEL BLOCKER PLUS ARB","ORAL.SOLID","108.0","",""
"1685","ATCOCOXIB 60 MG 30 TABS.","أتكوكوكسيب","ETORICOXIB","ATCO PHARMA","NSAID.SELECTIVE COX-2 INHIBITORS","ORAL.SOLID","160.5","",""
"1686","ATCOCOXIB 90 MG 30 TABS.","أتكوكوكسيب","ETORICOXIB","ATCO PHARMA","NSAID.SELECTIVE COX-2 INHIBITORS","ORAL.SOLID","241.5","",""
"1687","ATCOGLIFLOZIN 10 MG 30 F.C.TABS.","أتكوجليفلوزين","EMPAGLIFLOZIN","ATCO PHARMA","ANTI-DIABETIC.SECRETAGOGUES.SGLT2 INHIBITORS","ORAL.SOLID","180.0","",""
"1688","ATCOGLIFLOZIN 25 MG 30 F.C.TABS.","أتكوجليفلوزين","EMPAGLIFLOZIN","ATCO PHARMA","ANTI-DIABETIC.SECRETAGOGUES.SGLT2 INHIBITORS","ORAL.SOLID","180.0","",""
"1689","ATCOLIPOX 10 MG 30 CHEW. TABS.","أتكوليبوكس 30 قابل للمضغ","ATORVASTATIN","ATCO PHARMA","ANTIHYPERLIPIDEMIC.STATINS","ORAL.SOLID","61.5","",""
"1690","ATCOLIPOX 20 MG 30 CHEW. TABS.","أتكوليبوكس 30 قابل للمضغ","ATORVASTATIN","ATCO PHARMA","ANTIHYPERLIPIDEMIC.STATINS","ORAL.SOLID","72.0","",""
"1691","ATCONAFIL 100 MG 4 TABS.","أتكونافيل","AVANAFIL","ATCO PHARMA","SEXUAL TONIC","ORAL.SOLID","39.25","",""
"1692","ATCONAFIL 200 MG 4 TABS.","أتكونافيل","AVANAFIL","ATCO PHARMA","SEXUAL TONIC","ORAL.SOLID","102.0","",""
"1693","ATCONAFIL 50 MG 12 TABS. (N/A)","أتكونافيل","AVANAFIL","ATCO PHARMA","SEXUAL TONIC","ORAL.SOLID","54.0","",""
"1694","ATCORELIVO 10 ORAL POWDER IN SACHETS","أتكوريليفو 10 فموي إن أكياس","PARACETAMOL(ACETAMINOPHEN)+PHENIRAMINE MALEATE+PHENYLEPHRINE HCL+VITAMIN C","ATCO PHARMA","COLD PRODUCTS","EFF","45.0","",""
"1695","ATCOVILDUMET 50/1000 MG 30 F.C.TABS.","أتكوفيلدوميت 50 50/1000 قرص","METFORMIN HYDROCHLORIDE+VILDAGLIPTIN","ATCO PHARMA","ANTI-DIABETIC.COMBINED SECRETAGOGUES+SENSITIZERS","ORAL.SOLID","159.0","",""
"1696","ATCOVOMSET 4MG/2ML 3 AMPS.","أتكوفومسيت أمبول","ONDANSETRON","ATCO PHARMA","ANTIEMETIC","INJECTION","78.75","",""
"1697","ATCOVOMSET 8MG/4ML 3 AMPS.","أتكوفومسيت أمبول","ONDANSETRON","ATCO PHARMA","ANTIEMETIC","INJECTION","142.5","",""
"1698","ATECTURA BREEZHALER 150/160 MCG 30 INH. CAPS.+INHALER","أتيكتورا بريزهالير 150 150/160 كبسولة","INDACATEROL+MOMETASONE","NOVARTIS","BRONCHODILATOR PLUS CORICOSTEROID","ORAL.SOLID","329.0","",""
"1699","ATECTURA BREEZHALER 150/320 MCG 30 INH. CAPS.+INHALER","أتيكتورا بريزهالير 150 150/320 كبسولة","INDACATEROL+MOMETASONE","NOVARTIS","BRONCHODILATOR PLUS CORICOSTEROID","ORAL.SOLID","329.0","",""
"1700","ATECTURA BREEZHALER 150/80 MCG 30 INH. CAPS.+INHALER","أتيكتورا بريزهالير 150 150/80 كبسولة","INDACATEROL+MOMETASONE","NOVARTIS","BRONCHODILATOR PLUS CORICOSTEROID","ORAL.SOLID","329.0","",""
"1701","ATEKMA 194 MG 12 DEL. REL. F.C. TABS.","أتيكما 12 ديل. ريل أقراص مغلفة","RIFAMYCIN","HIKMA","ANTIDIARRHEAL","ORAL.SOLID","260.0","",""
"1702","ATELOL 100 MG 20 TAB.","أتيلول","ATENOLOL","PHARCO","ANTI-HYPERTENSIVE.BETA BLOCKER.SELECTIVE B1","ORAL.SOLID","10.0","",""
"1703","ATELOL 50MG 20 TAB.","أتيلول","ATENOLOL","PHARCO","ANTI-HYPERTENSIVE.BETA BLOCKER.SELECTIVE B1","ORAL.SOLID","7.5","",""
"1704","ATENO 100MG 20 F.C.TAB.","أتينو","ATENOLOL","EIPICO","ANTI-HYPERTENSIVE.BETA BLOCKER.SELECTIVE B1","ORAL.SOLID","26.0","",""
"1705","ATENO 50MG 20 F.C.TAB.","أتينو","ATENOLOL","EIPICO","ANTI-HYPERTENSIVE.BETA BLOCKER.SELECTIVE B1","ORAL.SOLID","20.0","",""
"1706","ATENO-C 100/25MG 20 TAB.","أتينو-ك 100 100/25 قرص","ATENOLOL+CHLORTHALIDONE","EIPICO","BETA BLOCKER AND THIAZIDE DIURETICS","ORAL.SOLID","36.0","",""
"1707","ATENO-C 50/25MG 20 TAB.","أتينو-ك 50 50/25 قرص","ATENOLOL+CHLORTHALIDONE","EIPICO","BETA BLOCKER AND THIAZIDE DIURETICS","ORAL.SOLID","30.0","",""
"1708","ATENOLOL 100MG 20 TAB.B.P.2000","أتينولول .ب.ب.2000","ATENOLOL","JEDCO INT. CO. FOR PHARMACEUTICALS","ANTI-HYPERTENSIVE.BETA BLOCKER.SELECTIVE B1","ORAL.SOLID","9.75","",""
"1709","ATENOLOL 50MG 20 TAB. BP 2000","أتينولول . بب 2000","ATENOLOL","JEDCO INT. CO. FOR PHARMACEUTICALS","ANTI-HYPERTENSIVE.BETA BLOCKER.SELECTIVE B1","ORAL.SOLID","6.25","",""
"1710","ATENORETIC 30 CAPS.","أتينوريتيك","AMILORIDE+ATENOLOL+HYDROCHLOROTHIAZIDE","SIGMA > QUEEN PHARMA","DIURETICS.POTASSIUM SPARING AND THIAZIDE COMBINED WITH BETA BLOCKER","ORAL.SOLID","78.0","",""
"1711","ATHACAR HAIR SERUM","أثاكار هير سيروم","HYDROLYZED KERATIN+ROSEMARY OIL+SAW PALMETTO EXTRACT+SILICONE OIL+GRAPE SEED EXTRACT+VITAMIN B6+ARGAN OIL+ALMOND OIL+COCO/SHEA BUTTER GLYCERIDES+PANTHENOL+CAFFEINE+","SMARTEC FOR MEDICAL PRODUCTS &COSMETICS > MARAN ASSA","HAIR SERUM","UNKNOWN","140.0","",""
"1712","ATIMOS 12MCG/DOSE AEROSOL 100 DOSES","أتيموس /دوس أيروسول 100 دوسيس","FORMOTEROL FUMARATE","CHIESI ITALY > PHARMA OVER SEAS","BRONCHODILATOR.LONG ACTING BETA 2 AGONIST","SPRAY","157.5","",""
"1713","ATLABACILLUS ORAL DROPS 15 ML","أتلاباسيللوس فموي","LACTOBACILLUS RHAMNOSUS","COPAD > ATLAS PHARMA","PROBIOTICS","ORAL.LIQUID","135.0","",""
"1714","ATLACARE 20 F.C. TABS.","أتلاكار أقراص مغلفة","CHONDROITIN+GLUCOSAMINE+METHYL SULPHONYL METHANE+COLLAGEN","> ATLAS PHARMA","ANTI-RHEUMATIC.OSTEOARTHRITIS.ANABOLIC AGENTS","ORAL.SOLID","220.0","",""
"1715","ATLANTIKIO 30 TABS","أتلانتيكيو","CALCIUM CARBONATE 800 MG - MAGNESIUM 300 MG - ZINC 10 MG - BORON 0.6 MG - COPPER 500 MCG - MANGANESE 0.5 MG - SELENIUM 55 MCG - VITAMIN D3 1000 IU","ORGANIX > ATLANTIS PHARMA","MULTIVITAMIN","ORAL.SOLID","130.0","",""
"1716","ATLANTO 3 20 CAPS","أتلانتو 3","FISH OIL 2 G EPA 360 MG DHA 240 MG","PHARMAZAD > ATLANTIS PHARMA","MULTIVITAMIN","ORAL.SOLID","190.0","",""
"1717","ATLANTOCHARK 10 CAPSULES","أتلانتوتشارك","ALPHA GALACTOSIDASE 50 GAL/U - ACTIVATED CHARCOAL 225 MG - GINGER EXTRACT 25 MG","ORGANIX > ATLANTIS PHARMA","DIETARY SUPPLEMENT ( CHARCOAL )","ORAL.SOLID","100.0","",""
"1718","ATLANTOFLOREX 6.5 B CFU 10 CAPSULES","أتلانتوفلوريكس 6.5 ب كفو","LACTOBACILLUS ACIDOPHILLUS 2.25 B CFU - BIFIDOBACTERIUM ANIMALIS 2.25 B CFU - LACTOBACILLUS RHAMNOSUS 1 B CFU - LACTOBACILLUS REUTRI 1B CFU","ORGANIX > ATLANTIS PHARMA","DIETARY SUPPLEMENT ( PROBIOTIC )","ORAL.SOLID","180.0","",""
"1719","ATLANTOFOLATE 30 TABS","أتلانتوفولات","METHLYTETRAHYDROFOLATE (VIT B9 ) 1000MCG+METHYLCOBALAMINE ( VIT B12 ) 1000MCG+PYRIDOXAL 5 PHOSHATE ( VIT B6 ) 25 MG","ORGANIX > ATLANTIS PHARMA","MULTIVITAMINE","ORAL.SOLID","150.0","",""
"1720","ATLANTOGEST 10 TABS","أتلانتوجيست","LIPASE 20 MG - AMYLASE 20 MG - PAPAIN 70 MG - BROMELAIN 80 MG - APPLE PECTIN 60 MG - APPLE CIDER VINEGAR 25 MG","ORGANIX > ATLANTIS PHARMA","DIGESTIVE ENZYMES","ORAL.SOLID","100.0","",""
"1721","ATLANTOHEM 20 CAPS.","أتلانتوهيم","LACTOFERRIN 50 MG - FERROUS SULPHATE 20 MG - VIT C 100MG - FOLIC ACID 200MCG - VIT B 12 1MCG","ORGANIX > ATLANTIS PHARMA","MULTIVITAMIN","ORAL.SOLID","130.0","",""
"1722","ATLANTOSITOL 2000 MG 10 SACHET","أتلانتوسيتول","MYOINOSITOL 2000 MG - 836 MG OF FOLATE","ORGANIX > ATLANTIS PHARMA","DIETARY SUPPLEMENT FOR PCOS","EFF","180.0","",""
"1723","ATLANTOVIT 30 TABS","أتلانتوفيت","CALCIUM 210 MG+MAGNESIUM 100 MG+VIT C 90 MG+POTASSIUM 80 MG+VIT E 20.3 MG+NIACIN 16 MG+PANTHOTHENIC ACID 15 MG+ZINC 11 MG+IRON 8MG+MANGANESE 2.3 MG+VITAMINE B6 2 MG+RIBOFLAVIN 1.3 MG+THIAMINE 1.2 MG+CUPPER .9 MG+VIT A 1.05 MCG+LYCOPENE 600 MCG+FOLIC ACID 600 MCG+IODINE 150 MCG+SELENIUM 100 MCG+MOLYBDENUM 50 MCG+BIOTINE 40 MCG+CHROMIUM 35 MCG+VIT D3 1000 IU+VIT B12 6 MCG","ORGANIX > ATLANTIS PHARMA","MULTIVITAMINE","ORAL.SOLID","170.0","",""
"1724","ATLANTOZYME 10 ENTERIC COATED TABLETS","أتلانتوزيم 10 إنتيريك مغلفة","BROMALINE 180 MG - TRYPSIN 82 MG CHYMOTRYPSIN 14MG - RUTOSIDE 200 MG","ORGANIX > ATLANTIS PHARMA","DIETARY SUPPLEMENT ( PROTEOLYTIC ENZYMES )","ORAL.SOLID","100.0","",""
"1725","ATLATEX CREAM 50 GM","أتلاتيكس","EUCALYPTUS OIL+MENTHOL OIL+CINNAMON OIL+CAMPHOR OIL+CLOVE OIL","EGYPTIAN CO. FOR COSMETICS (E.C.C.) > ATLAS PHARMACEUTICAL","ANTI-INFLAMMATORY CREAM","TOPICAL","95.0","",""
"1726","ATMBILAST 20 MG 30 TABS.","أتمبيلاست","BILASTINE","EGPI > ATM PHARMACEUTICAL INDUSTRIES","ANTI-HISTAMINE.SECOND-GENERATION","ORAL.SOLID","70.0","",""
"1727","ATMECIPIA 10 MG 20 F.C.TABS.","أتميسيبيا","ESCITALOPRAM","MEMPHIS > ATM PHARMACEUTICAL INDUSTRIES","PSYCHIATRIC.ANTIDEPRESSANTS","ORAL.SOLID","120.0","",""
"1728","ATMIPRAZOLE 20 MG 20 CAPS.","أتميبرازول","ESOMEPRAZOLE","ATCO PHARMA > ATM PHARMACEUTICAL INDUSTRIES","PEPTIC ULCER.PROTON PUMP INHIBITOR","ORAL.SOLID","75.0","",""
"1729","ATMIPRAZOLE 40 MG 20 CAPS.","أتميبرازول","ESOMEPRAZOLE","ATCO PHARMA > ATM PHARMACEUTICAL INDUSTRIES","PEPTIC ULCER.PROTON PUMP INHIBITOR","ORAL.SOLID","168.0","",""
"1730","ATMOSALAZINE 500 MG 50 EXT. REL. CAPS.","أتموسالازين 50 إكست. ريل","MESALAZINE(MESALAMINE)(5-ASA)(5-AMINOSALICYLIC ACID)","ATCO PHARMA > ATM PHARMACEUTICAL INDUSTRIES","ULCERATIVE COLITIS","ORAL.SOLID","340.0","",""
"1731","ATOBEGRON XR 50 MG 30 F.C. TABS.","أتوبيجرون كسر أقراص مغلفة","MIRABEGRON","ATCO PHARMA","OVERACTIVE BLADDER","ORAL.SOLID","381.0","",""
"1732","ATODERM CREAM 200ML","أتوديرم","","BIODERMA DERMATOLOGICAL LABORATORIES > BIOTECH EGYPT","skin care.MOISTURIZING","TOPICAL","350.0","",""
"1733","ATODERM CREAM 500ML","أتوديرم","","BIODERMA DERMATOLOGICAL LABORATORIES > BIOTECH EGYPT","MOISTURIZING TOPICALS","TOPICAL","439.0","",""
"1734","ATODERM INTENSIVE CREAM 200ML","أتوديرم إنتينسيفي","","BIODERMA DERMATOLOGICAL LABORATORIES > BIOTECH EGYPT","SKIN CARE","TOPICAL","899.0","",""
"1735","ATODERM MAINS & ONGLES HAND CREAM 50ML","أتوديرم ماينس & أونجليس هاند","","BIODERMA DERMATOLOGICAL LABORATORIES > BIOTECH EGYPT","SKIN CARE","TOPICAL","189.0","",""
"1736","ATODERM MILK (LAIT) 200ML","أتوديرم ميلك","","BIODERMA DERMATOLOGICAL LABORATORIES > BIOTECH EGYPT","MOISTURIZING TOPICALS","TOPICAL","279.0","",""
"1737","ATODERM PAIN (SOAP) 150 GM","أتوديرم باين","","BIODERMA DERMATOLOGICAL LABORATORIES > BIOTECH EGYPT","skin care.MOISTURIZING","SOAP","215.0","",""
"1738","ATODERM PO ZINC 100ML","أتوديرم بو زينك","","BIODERMA DERMATOLOGICAL LABORATORIES > BIOTECH EGYPT","SKIN CARE","TOPICAL","279.0","",""
"1739","ATODERM PP BAUME 200 ML","أتوديرم بب بومي","","BIODERMA DERMATOLOGICAL LABORATORIES > BIOTECH EGYPT","MOISTURIZING TOPICAL","TOPICAL","259.0","",""
"1740","ATODERM PP FOAMING GEL (GEL MOUSSANT) 200ML","أتوديرم بب فوامينج","","BIODERMA DERMATOLOGICAL LABORATORIES > BIOTECH EGYPT","SKIN CARE","TOPICAL","285.0","",""
"1741","ATODERM PREVENTIVE CREAM 100ML","أتوديرم بريفينتيفي","","BIODERMA DERMATOLOGICAL LABORATORIES > BIOTECH EGYPT","SKIN CARE","TOPICAL","119.0","",""
"1742","ATOMAFUTIX 10 MG 30 CAPS.","أتومافوتيكس","ATOMOXETINE","FUTURE PHARMACEUTICAL INDUSTRIES (FPI)","ATTENTION-DEFICIT HYPERACTIVITY DISORDER","ORAL.SOLID","108.0","",""
"1743","ATOMAFUTIX 25 MG 30 CAPS.","أتومافوتيكس","ATOMOXETINE","FUTURE PHARMACEUTICAL INDUSTRIES (FPI)","ATTENTION-DEFICIT HYPERACTIVITY DISORDER","ORAL.SOLID","201.0","",""
"1744","ATOMAFUTIX 40 MG 30 CAPS.","أتومافوتيكس","ATOMOXETINE","FUTURE PHARMACEUTICAL INDUSTRIES (FPI)","ATTENTION-DEFICIT HYPERACTIVITY DISORDER","ORAL.SOLID","259.5","",""
"1745","ATOMAFUTIX 4MG/ML SYRUP 100 ML","أتومافوتيكس /مل","ATOMOXETINE","FUTURE PHARMACEUTICAL INDUSTRIES (FPI)","ATTENTION-DEFICIT HYPERACTIVITY DISORDER","ORAL.LIQUID","119.0","",""
"1746","ATOMETAFLOZINE 12.5/1000MG 30 F.C. TABS.","أتوميتافلوزين 12.5 12.5/1000 قرص","EMPAGLIFLOZIN+METFORMIN","ATOS PHARMA","ANTI-DIABETIC.SECRETAGOGUES.SGLT2 INHIBITORS","ORAL.SOLID","217.5","",""
"1747","ATOMETAFLOZINE 12.5/500MG 30 F.C. TABS.","أتوميتافلوزين 12.5 12.5/500 قرص","EMPAGLIFLOZIN+METFORMIN","ATOS PHARMA","ANTI-DIABETIC.SECRETAGOGUES.SGLT2 INHIBITORS","ORAL.SOLID","196.5","",""
"1748","ATOMORELAX 20MG/5ML SYRUP 100 ML","أتوموريلاكس شراب","ATOMOXETINE","NAPCO > CLAVITA PHARMA","ATTENTION-DEFICIT HYPERACTIVITY DISORDER","ORAL.LIQUID","128.0","",""
"1749","ATOMOXAPEX 10 MG 30 H.G. CAPS.","أتوموكسابيكس 30 ه.ج","ATOMOXETINE","MULTI-APEX","ATTENTION-DEFICIT HYPERACTIVITY DISORDER","ORAL.SOLID","129.0","",""
"1750","ATOMOXAPEX 18 MG 30 H.G. CAPS.","أتوموكسابيكس 30 ه.ج","ATOMOXETINE","MULTI-APEX","ATTENTION-DEFICIT HYPERACTIVITY DISORDER","ORAL.SOLID","171.0","",""
"1751","ATOMOXAPEX 25 MG 30 H.G. CAPS.","أتوموكسابيكس 30 ه.ج","ATOMOXETINE","MULTI-APEX","ATTENTION-DEFICIT HYPERACTIVITY DISORDER","ORAL.SOLID","252.0","",""
"1752","ATOMOXAPEX 40 MG 30 H.G. CAPS.","أتوموكسابيكس 30 ه.ج","ATOMOXETINE","MULTI-APEX","ATTENTION-DEFICIT HYPERACTIVITY DISORDER","ORAL.SOLID","333.0","",""
"1753","ATOMOXAPEX 4MG/ML SYRUP 100 ML","أتوموكسابيكس /مل","ATOMOXETINE","MULTI-APEX","ATTENTION-DEFICIT HYPERACTIVITY DISORDER","ORAL.LIQUID","120.0","",""
"1754","ATOMOXAPEX 60 MG 30 H.G. CAP.","أتوموكسابيكس 30 ه.ج","ATOMOXETINE","MULTI-APEX","ATTENTION-DEFICIT HYPERACTIVITY DISORDER","ORAL.SOLID","414.0","",""
"1755","ATOMOXETINE 10 MG 30 H.G. CAPS.","أتوموكسيتين 30 ه.ج","ATOMOXETINE","SABAA > SOVALUE PHARMA","ATTENTION-DEFICIT HYPERACTIVITY DISORDER","ORAL.SOLID","118.5","",""
"1756","ATOMOXETINE 25MG 10 CAPS.","أتوموكسيتين","ATOMOXETINE","SABAA > SOVALUE PHARMA","ATTENTION-DEFICIT HYPERACTIVITY DISORDER","ORAL.SOLID","60.0","",""
"1757","ATOMOXETINE 40MG 10 CAPS.","أتوموكسيتين","ATOMOXETINE","SABAA > SOVALUE PHARMA","ATTENTION-DEFICIT HYPERACTIVITY DISORDER","ORAL.SOLID","90.0","",""
"1758","ATOMOXETINE 60 MG 30 H.G. CAPS.","أتوموكسيتين 30 ه.ج","ATOMOXETINE","SABAA > SOVALUE PHARMA","ATTENTION-DEFICIT HYPERACTIVITY DISORDER","ORAL.SOLID","393.0","",""
"1759","ATOR 10 MG 7 TABS.","أتور","ATORVASTATIN","EIPICO","ANTIHYPERLIPIDEMIC.STATINS","ORAL.SOLID","45.0","",""
"1760","ATOR 20 MG 10 F.C.TABS.","أتور","ATORVASTATIN","EIPICO","ANTIHYPERLIPIDEMIC.STATINS","ORAL.SOLID","79.0","",""
"1761","ATOR 40 MG 10 F.C.TABS.","أتور","ATORVASTATIN","EIPICO","ANTIHYPERLIPIDEMIC.STATINS","ORAL.SOLID","106.0","",""
"1762","ATOR 80 MG 10 F.C.TABS.","أتور","ATORVASTATIN","EIPICO","ANTIHYPERLIPIDEMIC.STATINS","ORAL.SOLID","112.0","",""
"1763","ATOREZA 10/10MG 28 F.C. TAB.","أتوريزا 10 10/10 قرص","ATORVASTATIN+EZETIMIBE","MARCYRL PHARMACEUTICAL INDUSTRIES (MPI)","ANTIHYPERLIPIDEMIC.CHOLESTEROL ABSORPTION INHIBITORS.COMBINED WITH STATIN","ORAL.SOLID","166.0","",""
"1764","ATOREZA 20/10MG 21 F.C. TAB.","أتوريزا 20 20/10 قرص","ATORVASTATIN+EZETIMIBE","MARCYRL PHARMACEUTICAL INDUSTRIES (MPI)","ANTIHYPERLIPIDEMIC.CHOLESTEROL ABSORPTION INHIBITORS.COMBINED WITH STATIN","ORAL.SOLID","141.0","",""
"1765","ATOREZA 40/10MG 28 F.C. TAB.","أتوريزا 40 40/10 قرص","ATORVASTATIN+EZETIMIBE","MARCYRL PHARMACEUTICAL INDUSTRIES (MPI)","ANTIHYPERLIPIDEMIC.CHOLESTEROL ABSORPTION INHIBITORS.COMBINED WITH STATIN","ORAL.SOLID","210.0","",""
"1766","ATOREZA 80/10MG 28 F.C. TAB.","أتوريزا 80 80/10 قرص","ATORVASTATIN+EZETIMIBE","MARCYRL PHARMACEUTICAL INDUSTRIES (MPI)","ANTIHYPERLIPIDEMIC.CHOLESTEROL ABSORPTION INHIBITORS.COMBINED WITH STATIN","ORAL.SOLID","210.0","",""
"1767","ATORSTAT 10MG 14 F.C.TAB.","أتورستات","ATORVASTATIN","DELTA PHARMA","ANTIHYPERLIPIDEMIC.STATINS","ORAL.SOLID","56.0","",""
"1768","ATORSTAT 20MG 14 SCORED TABS.","أتورستات 14 مسجلة","ATORVASTATIN","DELTA PHARMA","ANTIHYPERLIPIDEMIC.STATINS","ORAL.SOLID","64.0","",""
"1769","ATORSTAT 40MG 14 BISCORED TABS.","أتورستات 14 بيسكوريد","ATORVASTATIN","DELTA PHARMA","ANTIHYPERLIPIDEMIC.STATINS","ORAL.SOLID","76.0","",""
"1770","ATORSTAT 80MG 10 BISCORED TABS.","أتورستات 10 بيسكوريد","ATORVASTATIN","DELTA PHARMA","ANTIHYPERLIPIDEMIC.STATINS","ORAL.SOLID","64.0","",""
"1771","ATOZET 10/10MG 30 F.C. TAB.","أتوزيت 10 10/10 قرص","ATORVASTATIN+EZETIMIBE","MERCK SHARP & DOHME","ANTIHYPERLIPIDEMIC.CHOLESTEROL ABSORPTION INHIBITORS.COMBINED WITH STATIN","ORAL.SOLID","666.0","",""
"1772","ATOZET 20/10MG 30 F.C. TAB.","أتوزيت 20 20/10 قرص","ATORVASTATIN+EZETIMIBE","MERCK SHARP & DOHME","ANTIHYPERLIPIDEMIC.CHOLESTEROL ABSORPTION INHIBITORS.COMBINED WITH STATIN","ORAL.SOLID","759.0","",""
"1773","ATOZET 40/10MG 30 F.C. TAB.","أتوزيت 40 40/10 قرص","ATORVASTATIN+EZETIMIBE","MERCK SHARP & DOHME","ANTIHYPERLIPIDEMIC.CHOLESTEROL ABSORPTION INHIBITORS.COMBINED WITH STATIN","ORAL.SOLID","807.0","",""
"1774","ATRABESYLATE 25 MG I.V. INJ. & INF. 5 AMPS.","أترابيسيلات . . &","ATRACURIUM BESYLATE","ALEXANDRIA > EGYPHARMA-EGYPT","SKELETAL MUSCLE RELAXANT","INJECTION","165.0","",""
"1775","ATRABESYLATE 50 MG I.V. INJ. & INF. 5 AMPS.","أترابيسيلات . . &","ATRACURIUM BESYLATE","ALEXANDRIA > EGYPHARMA-EGYPT","SKELETAL MUSCLE RELAXANT","INJECTION","240.0","",""
"1776","ATRACURIUM BESYLATE 25 MG/2.5ML (25MG) 5 AMPS.","أتراكوريوم بيسيلات أمبول","ATRACURIUM BESYLATE","HOSPIRA INC.-UK > PFIZER","GENERAL ANESTHESIA","INJECTION","66.0","",""
"1777","ATRACURIUM BESYLATE 25 MG/2.5ML (50MG) 5 AMPS.","أتراكوريوم بيسيلات أمبول","ATRACURIUM BESYLATE","HOSPIRA INC.-UK > PFIZER","GENERAL ANESTHESIA","INJECTION","93.5","",""
"1778","ATRACURIUM-HAMELN 10MG/ML (25MG) 50 AMP.","أتراكوريوم-هاميلن /مل","ATRACURIUM BESYLATE","SUNNY MEDICAL > HAMELN PHARMACEUTICALS GMBH","SKELETAL MUSCLE RELAXANT","INJECTION","806.0","",""
"1779","ATRACURIUM-HAMELN 10MG/ML (50MG) 50 AMP.","أتراكوريوم-هاميلن /مل","ATRACURIUM BESYLATE","SUNNY MEDICAL > HAMELN PHARMACEUTICALS GMBH","SKELETAL MUSCLE RELAXANT","INJECTION","1206.0","",""
"1780","ATRAKTA AQUA CREAM 100 ML","أتراكتا أكوا","","CE.IS.CO SRL > MACRO GROUP PHARMACEUTICALS","SKIN CARE","TOPICAL","410.0","",""
"1781","ATRAKTA AQUA FACIAL CLEANSER 200 ML","أتراكتا أكوا للوجه كليانسير","","CE.IS.CO SRL > MACRO GROUP PHARMACEUTICALS","SKIN CARE","TOPICAL","270.0","",""
"1782","ATRAKTA AQUA LIP BALM 10 GM","أتراكتا أكوا ليب بالم","","CE.IS.CO SRL > MACRO GROUP PHARMACEUTICALS","SKIN CARE","TOPICAL","190.0","",""
"1783","ATRAKTA ATOCARE CREAM 200 GM","أتراكتا أتوكار","CANNABIS SATIVA SEED OIL","CE.IS.CO SRL > MACRO GROUP PHARMACEUTICALS","SKIN CARE","TOPICAL","380.0","",""
"1784","ATRAKTA BI-PHASE HAIR SPRAY 200 ML","أتراكتا بي-فاسي هير","KERATIN+WHEAT+SILK+AVOCADO+JOJOBA OIL+CASTER OIL+SHEA BUTTER+PRO-VITAMIN B5","CE.IS.CO SRL > MACRO GROUP PHARMACEUTICALS","HAIR CARE","SPRAY","375.0","",""
"1785","ATRAKTA DANDR-OFF HAIR MASK 100 GM","أتراكتا داندر-أوفف هير ماسك","","CE.IS.CO SRL > MACRO GROUP PHARMACEUTICALS","HAIR CARE","UNKNOWN","380.0","",""
"1786","ATRAKTA DANDR-OFF HAIR SHAMPOO 250 ML","أتراكتا داندر-أوفف هير","","CE.IS.CO SRL > MACRO GROUP PHARMACEUTICALS","HAIR CARE","TOPICAL","350.0","",""
"1787","ATRAKTA DELICATE HAIR SHAMPOO 200 ML","أتراكتا ديليكاتي هير","","CE.IS.CO SRL > MACRO GROUP PHARMACEUTICALS","HAIR CARE","TOPICAL","300.0","",""
"1788","ATRAKTA DELICATE HAIR SHAMPOO 400 ML","أتراكتا ديليكاتي هير","","CE.IS.CO SRL > MACRO GROUP PHARMACEUTICALS","HAIR CARE","TOPICAL","450.0","",""
"1789","ATRAKTA POST EPILATION EMOLLIENT CREAM 100 ML","أتراكتا بوست إبيلاتيون إموللينت","","CE.IS.CO SRL > MACRO GROUP PHARMACEUTICALS","SKIN CARE","TOPICAL","300.0","",""
"1790","ATRAKTA RE/FORCE HAIR 12 AMPOULES 5 ML","أتراكتا ري/فورسي هير","","CE.IS.CO SRL > MACRO GROUP PHARMACEUTICALS","HAIR CARE","INJECTION","750.0","",""
"1791","ATRAKTA RE/FORCE HAIR SERUM 200 ML","أتراكتا ري/فورسي هير سيروم","","CE.IS.CO SRL > MACRO GROUP PHARMACEUTICALS","HAIR CARE","UNKNOWN","495.0","",""
"1792","ATRAKTA RE/FORCE HAIR SHAMPOO 250 ML","أتراكتا ري/فورسي هير","","CE.IS.CO SRL > MACRO GROUP PHARMACEUTICALS","HAIR CARE","TOPICAL","330.0","",""
"1793","ATROPINE 1% EYE DROPS 10 ML","أتروبيني 1% قطرة عين","ATROPINE SULPHATE","ORCHIDIA PHARMACEUTICAL INDUSTRIES","ANTI-MUSCARINIC.ANTISPASMODIC","EYE","13.0","",""
"1794","ATROPINE SULFATE 1MG/ML 100 I.V./I.M. AMP. (EL-NILE)","أتروبين سولفات /مل 100 ","ATROPINE SULPHATE","EL NILE.","ANTI-DOTE","INJECTION","650.0","",""
"1795","ATROPINE SULPHATE 0.1% 6 AMP. (MEMPHIS)","أتروبين سولفات 0.1%","ATROPINE SULPHATE","MEMPHIS","ANTI-DOTE","INJECTION","39.0","",""
"1796","ATROPINE SULPHATE 1MG/ML 100 AMP. (CID)","أتروبين سولفات /مل","ATROPINE SULPHATE","CID","ANTI-MUSCARINIC.ANTISPASMODIC","INJECTION","500.0","",""
"1797","ATROPINE SULPHATE 1MG/ML 25 AMP. (MISR)","أتروبين سولفات /مل","ATROPINE SULPHATE","MISR","ANTIMUSCARINIC","INJECTION","162.5","",""
"1798","ATROSMEN MOUTH WASH 250 ML","أتروسمين غسول فموي","HYDROGEN PEROXIDE+CHLORHEXIDINE+FLUORIDE+TEA TREE OIL+CLOVE OIL+CHAMOMILE+GLYCERIN","ITALIAN FOR COSMETICS > HELIOPOLIS PPI-EGYPT","ORAL CARE","UNKNOWN","70.0","",""
"1799","ATROVENT 250MCG/2ML 20 UNIT DOSE INH. VIAL.","أتروفينت فيال","IPRATROPIUM BROMIDE","BOEHRINGER INGELHEIM","ANTI-MUSCARINIC.ASTHMA","INJECTION","286.0","",""
"1800","ATROVENT 500 MCG/2ML 20 UNIT DOSE INH. VIAL.","أتروفينت فيال","IPRATROPIUM BROMIDE","BOEHRINGER INGELHEIM","ANTI-MUSCARINIC.ASTHMA","INJECTION","286.0","",""
"1801","ATROVENT COMB HFA 20/50 MCG 200 METERED DOSE INHALER","أتروفينت كومب هفا 20 20/50","FENOTEROL HYDROBROMIDE+IPRATROPIUM BROMIDE","BOEHRINGER INGELHEIM","ANTI-MUSCARINIC.ASTHMA","INHALATION","112.5","",""
"1802","ATROZEMB 10/10MG 30 F.C. TAB.","أتروزيمب 10 10/10 قرص","ATORVASTATIN+EZETIMIBE","LIPTIS","ANTIHYPERLIPIDEMIC.CHOLESTEROL ABSORPTION INHIBITORS.COMBINED WITH STATIN","ORAL.SOLID","228.0","",""
"1803","ATROZEMB 20/10MG 30 F.C. TAB.","أتروزيمب 20 20/10 قرص","ATORVASTATIN+EZETIMIBE","LIPTIS","ANTIHYPERLIPIDEMIC.CHOLESTEROL ABSORPTION INHIBITORS.COMBINED WITH STATIN","ORAL.SOLID","228.0","",""
"1804","ATROZEMB 40/10MG 30 F.C. TAB.","أتروزيمب 40 40/10 قرص","ATORVASTATIN+EZETIMIBE","LIPTIS","ANTIHYPERLIPIDEMIC.CHOLESTEROL ABSORPTION INHIBITORS.COMBINED WITH STATIN","ORAL.SOLID","243.0","",""
"1805","ATROZEMB 80/10MG 30 F.C. TAB.","أتروزيمب 80 80/10 قرص","ATORVASTATIN+EZETIMIBE","LIPTIS","ANTIHYPERLIPIDEMIC.CHOLESTEROL ABSORPTION INHIBITORS.COMBINED WITH STATIN","ORAL.SOLID","282.0","",""
"1806","ATSHI 10 F.C.TABS.","أتشي","LORATADINE+PARACETAMOL(ACETAMINOPHEN)+PSEUDOEPHEDRINE","AL ROWAD PHARMACEUTICAL INDUSTRIAL CO.","COLD PRODUCTS","ORAL.SOLID","26.0","",""
"1807","ATTENSERA 18 MG 30 CAPS.","أتتينسيرا","ATOMOXETINE","MASH PREMIERE","ATTENTION-DEFICIT HYPERACTIVITY DISORDER","ORAL.SOLID","162.0","",""
"1808","ATTENSERA 25 MG 30 CAPS.","أتتينسيرا","ATOMOXETINE","MASH PREMIERE","ATTENTION-DEFICIT HYPERACTIVITY DISORDER","ORAL.SOLID","246.0","",""
"1809","ATTENSERA 40 MG 30 CAPS.","أتتينسيرا","ATOMOXETINE","MASH PREMIERE","ATTENTION-DEFICIT HYPERACTIVITY DISORDER","ORAL.SOLID","306.0","",""
"1810","ATTIVO HAIR OIL SERUM 120 ML","أتتيفو هير أويل سيروم","","EL-HELOU PERFUMES & COSMETICS > SAFETY PHARMA","HAIR CARE","UNKNOWN","80.0","",""
"1811","ATTIVO SHAMPOO 250 ML","أتتيفو","","EL-HELOU PERFUMES & COSMETICS > SAFETY PHARMA","HAIR SHAMPOO","TOPICAL","220.0","",""
"1812","ATTIVO WHITENING CREAM 50 GM","أتتيفو وهيتينينج","","EL-HELOU PERFUMES & COSMETICS > SAFETY PHARMA","WHITENING TOPICAL","TOPICAL","150.0","",""
"1813","ATTOVELOCE 250 ML FEMININE WASH","أتتوفيلوس فيمينين واش","CHLORHEXIDINE+TEA TREE+THYME+LAVANDER+MENTHOL+CHAMOMILE+ALOE VERA","UNITED GROUP FOR COSMETICS > VALENTINA FOR TRADING AND SUPPLYING COSMETICS","VAGINAL WASH","VAGINAL","85.0","",""
"1814","ATTOVELOCE 50 GM OINTMENT","أتتوفيلوس","MENTOL+CAMPHOR+EUCALYPTUS+THYMOL+TURPENTINE+SALICYLIC ACID","NILE COSMETICS > VALANTINA","MASSAGE OINTMENT","TOPICAL","95.0","",""
"1815","ATTOVELOCE CALAMINE LOTION","أتتوفيلوس كالامين","ZINC OXIDE+OLIVE OIL+CALAMINE","ELNILE COSMETICS FACTORY > VALENTINA FOR TRADING AND SUPPLYING COSMETICS","BODY LOTION","UNKNOWN","55.0","",""
"1816","ATTOVELOCE DIAPER 50GM CREAM","أتتوفيلوس ديابير","ZINC OXIDE+OLIVE OIL+SHEA BUTTER","NILE COSMETICS FACTORY > VALENTINA FOR TRADING AND SUPPLYING COSMETICS","MASSAGE CREAM","TOPICAL","65.0","",""
"1817","ATTOVELOCE EMOLLIENT 100 GM GEL","أتتوفيلوس إموللينت","ALOE VERA+VANILLA","UNITED GROUP FOR COSMETICS > VALANTINA FOR TRADING AND SUPPLYING COSMETICS","EMOLLIENT GEL","TOPICAL","125.0","",""
"1818","ATTOVELOCE PANTHENOL 50 GM GEL","أتتوفيلوس بانثينول","TOCOPHERYL ACETATE+TRIETHANOLAMINE+CETEARYL ALCOHOL+CARBOMER+PARFUM+PROPYLPARABEN+METHYLPARABEN+DIAZOLIDINYL UREA+DIMETHICONE+PANTHENOL+GLYCERIN+CHAMOMILLA RECUTITA FLOWER OIL+SIMMONDSIA CHINENSIS SEED OIL+ISOPROPYL MYRISTATE+AQUA+POLYSORBATE 20+STEARIC ACID+STEARETH-20","NILE COSMETICS FACTORY > VALENTINA FOR TRADING AND SUPPLYING COSMETICS","MOISTURIZING CREAM","TOPICAL","60.0","",""
"1819","ATTOVELOCE PANTHENOL PLUS 50 GM CREAM","أتتوفيلوس بانثينول بلوس","PANTHENOL+UREA+GRAPE SEED OIL+CHAMOMILE+ALOE VERA+VITAMINE","UNITED GROUP FOR COSMETICS > VALENTINA FOR TRADING AND SUPPLYING COSMETICS","MASSAGE CREAM","TOPICAL","70.0","",""
"1820","ATTOVELOCE RETINOL 200 ML FACIAL CLEANSER","أتتوفيلوس ريتينول للوجه كليانسير","RETINOL+SALICYLIC ACID+NIACINAMIDE+TEA TREE+THYME+PANTHENOL+LACTIC ACID+CAMOMILE+ALOE VERA+MENTHOL","UNITED GROUP FOR COSMETICS > VALANTINA FOR TRADING AND SUPPLYING COSMETICS","CLEANSERS","UNKNOWN","150.0","",""
"1821","ATTRACTIVE HAIR CREAM 50 GM","أتتراكتيف هير","","EGYPTIAN COMPANY FOR COSMETICS","HAIR CARE","TOPICAL","45.0","",""
"1822","AUBAGIO 14 MG 28 TAB","أوباجيو","TERIFLUNOMIDE","SANOFI WINTHROP > SANOFI","IMMUNOSUPPRESSANT","ORAL.SOLID","16000.0","",""
"1823","AUDAX EAR DROPS 10 ML","أوداكس إار","CHOLINE SALICYLATE+GLYCERIN","PHARCO > MUNDIPHARMA","NSAID.ANALGESIC.ANTIBACTERIAL","EAR","7.0","",""
"1824","AUDICLEAN EAR CLEANSING WASH SPRAY 60ML","أوديكليان إار كليانسينج واش","ISOTONIC SEA WATER+BICARBONATES","LE LABORATOIRE DE LA MAR- GOEMAR > STAR COMPANY","EARWAX REMOVER","EAR","110.0","",""
"1825","AUG-DERMA BRUCARE CREAM 30 GM","أوج-ديرما بروكار","BETA-SITOSTEROL+BEESWAX+EARTHWORM EXT.","AUG PHARMA","SKIN CARE","TOPICAL","190.0","",""
"1826","AUG-DERMA SILICON GEL 15 GM","أوج-ديرما سيليكون","CYCLOPENTASILOXAN+COCOA BUTTER+ALMOND OIL+AVOCADO OIL+BOSWELLA SERRATA EXT.+SHEA BUTTER","AUG PHARMA","SCAR THERAPY","TOPICAL","300.0","",""
"1827","AUG-DERMA UREA COMPLETE REPAIR CREAM 100 GM","أوج-ديرما أوريا كومبليت ريباير","UREA+CERAMIDE NP+LACTIC ACID+ARGININE HCL+SODIUM PCA","AUG PHARMA","SKIN CARE","TOPICAL","220.0","",""
"1828","AUG-DERMA VASELINE CREAM 100 GM","أوج-ديرما فاسيلين","COCOA BUTTER+ISOPROPYL MYRISTATE+SHEA BUTTER+PETROLATUM","AUG PHARMA","SKIN CARE","TOPICAL","150.0","",""
"1829","AUG-DERMA VASELINE CREAM 60 GM","أوج-ديرما فاسيلين","COCOA BUTTER+ISOPROPYL MYRISTATE+SHEA BUTTER+PETROLATUM","AUG PHARMA","SKIN CARE","TOPICAL","45.0","",""
"1830","AUG-DERMA WHITENING CREAM 60 GM","أوج-ديرما وهيتينينج","","AUG PHARMA","SKIN CARE.WHITENING","TOPICAL","150.0","",""
"1831","AUG-DERMA ZINC OLIVE CREAM 50 GM","أوج-ديرما زينك أوليف","OLIVE OIL+ZINC OXIDE","AUG PHARMA","DIAPER RASH","TOPICAL","90.0","",""
"1832","AUGICETAMIDE 1000 MG 10 SACHETS","أوجيسيتاميد","PARACETAMOL(ACETAMINOPHEN)","AUG PHARMA","ANTIPYRETIC","EFF","40.0","",""
"1833","AUGICETAMIDE 1000 MG 20 SACHETS","أوجيسيتاميد","PARACETAMOL(ACETAMINOPHEN)","AUG PHARMA","ANTIPYRETIC","EFF","80.0","",""
"1834","AUGICETAMIDE 250 MG 20 SACHETS","أوجيسيتاميد","PARACETAMOL(ACETAMINOPHEN)","AUG PHARMA","ANTIPYRETIC","EFF","30.0","",""
"1835","AUGICETAMIDE 500 MG 20 SACHETS","أوجيسيتاميد","PARACETAMOL(ACETAMINOPHEN)","AUG PHARMA","ANTIPYRETIC","EFF","50.0","",""
"1836","AUGIDACLA 60 MG 28 F.C. TABS.","أوجيداكلا أقراص مغلفة","DACLATASVIR","AUG PHARMA","ANTI-VIRAL","ORAL.SOLID","120.0","",""
"1837","AUGIPRIVIR 200 MG 40 CAPS.","أوجيبريفير","MOLNUPIRAVIR","AUG PHARMA","ANTIVIRAL","ORAL.SOLID","624.0","",""
"1838","AUGISPOV 400MG 28 TABLETS","أوجيسبوف","SOFOSBUVIR","AUG PHARMA","ANTI-VIRAL","ORAL.SOLID","900.0","",""
"1839","AUGMACILLIN 228.5 MG/5ML SUSP. 60 ML","أوجماسيللين 228.5 مجم/5مل","AMOXICILLIN+CLAVULANIC ACID","MEPACO","PENICILLINS.PENICILLIN WITH B-LACTAMASE INHIBITOR","ORAL.LIQUID","32.5","",""
"1840","AUGMACILLIN 457MG/5ML SUSP. 60 ML","أوجماسيللين 457مجم/5مل","AMOXICILLIN+CLAVULANIC ACID","MEPACO","PENICILLINS.PENICILLIN WITH B-LACTAMASE INHIBITOR","ORAL.LIQUID","47.5","",""
"1841","AUGMENTIN 1 GM 14 F.C.TABS.","أوجمينتين","AMOXICILLIN+CLAVULANIC ACID","MUP > SMITHKLINE BEECHAM","PENICILLINS.PENICILLIN WITH B-LACTAMASE INHIBITOR","ORAL.SOLID","210.0","",""
"1842","AUGMENTIN 1.2G VIAL FOR I.V. INJ./INF.","أوجمينتين . ","AMOXICILLIN+CLAVULANIC ACID","MUP > GLAXO SMITHKLINE","PENICILLINS.PENICILLIN WITH B-LACTAMASE INHIBITOR","INJECTION","36.0","",""
"1843","AUGMENTIN 156 MG/5 ML SUSP. 80 ML","أوجمينتين 156 مجم/5 مل","AMOXICILLIN+CLAVULANIC ACID","MUP > BEECHAM GROUP","PENICILLINS.PENICILLIN WITH B-LACTAMASE INHIBITOR","ORAL.LIQUID","99.0","",""
"1844","AUGMENTIN 312 MG/5ML SUSP. 80 ML","أوجمينتين 312 مجم/5مل","AMOXICILLIN+CLAVULANIC ACID","MUP > SMITHKLINE BEECHAM","PENICILLINS.PENICILLIN WITH B-LACTAMASE INHIBITOR","ORAL.LIQUID","120.0","",""
"1845","AUGMENTIN 375 MG 10 TABS.","أوجمينتين","AMOXICILLIN+CLAVULANIC ACID","MUP > SMITHKLINE BEECHAM","PENICILLINS.PENICILLIN WITH B-LACTAMASE INHIBITOR","ORAL.SOLID","36.8","",""
"1846","AUGMENTIN 457MG/5ML SUSP. 70 ML","أوجمينتين 457مجم/5مل","AMOXICILLIN+CLAVULANIC ACID","MUP > GLAXO SMITHKLINE","PENICILLINS.PENICILLIN WITH B-LACTAMASE INHIBITOR","ORAL.LIQUID","137.0","",""
"1847","AUGMENTIN 600 MG VIAL FOR I.V. INF.","أوجمينتين","AMOXICILLIN+CLAVULANIC ACID","MUP > SMITHKLINE BEECHAM","PENICILLINS.PENICILLIN WITH B-LACTAMASE INHIBITOR","INJECTION","20.75","",""
"1848","AUGMENTIN 62.5MG/ML INFANT DROPS 20 ML","أوجمينتين /مل للرضع","AMOXICILLIN+CLAVULANIC ACID","GLAXO SMITHKLINE","PENICILLINS.PENICILLIN WITH B-LACTAMASE INHIBITOR","ORAL.LIQUID","86.0","",""
"1849","AUGMENTIN 625 MG 10 F.C.TABS.","أوجمينتين","AMOXICILLIN+CLAVULANIC ACID","MUP > SMITHKLINE BEECHAM","PENICILLINS.PENICILLIN WITH B-LACTAMASE INHIBITOR","ORAL.SOLID","117.0","",""
"1850","AUGMENTIN ADULTS 1GM/125MG 12 PWD. ORAL SUSP. SACHETS","أوجمينتين للبالغين معلق فموي","AMOXICILLIN+CLAVULANIC ACID","GLAXO SMITHKLINE","PENICILLINS.PENICILLIN WITH B-LACTAMASE INHIBITOR","EFF","169.0","",""
"1851","AUGMENTIN DUO 228MG/5ML SUSP. 70 ML","أوجمينتين دوو 228مجم/5مل","AMOXICILLIN+CLAVULANIC ACID","GLAXO SMITHKLINE","PENICILLINS.PENICILLIN WITH B-LACTAMASE INHIBITOR","ORAL.LIQUID","107.0","",""
"1852","AUGMENTIN ES-600 PD. FOR ORAL SUSP. 75 ML","أوجمينتين إس-600 بد. فموي","AMOXICILLIN+CLAVULANIC ACID","MUP > GLAXO SMITHKLINE","PENICILLINS.PENICILLIN WITH B-LACTAMASE INHIBITOR","ORAL.LIQUID","169.0","",""
"1853","AUGRAM 1 GM 14 F.C.TABS.","أوجرام","AMOXICILLIN+CLAVULANIC ACID","RAMEDA","PENICILLINS.PENICILLIN WITH B-LACTAMASE INHIBITOR","ORAL.SOLID","152.0","",""
"1854","AUGRAM 1 GM 7 F.C. TABS.","أوجرام أقراص مغلفة","AMOXICILLIN+CLAVULANIC ACID","RAMEDA","PENICILLINS.PENICILLIN WITH B-LACTAMASE INHIBITOR","ORAL.SOLID","76.0","",""
"1855","AUGRAM 156.25 MG 20 CHEWABLE TABLETS","أوجرام 20 تشيوابل","AMOXICILLIN+CLAVULANIC ACID","RAMEDA","PENICILLINS.PENICILLIN WITH B-LACTAMASE INHIBITOR","ORAL.SOLID","22.0","",""
"1856","AUGRAM 228.5 MG 10 CHEWABLE TABLETS","أوجرام 10 تشيوابل","AMOXICILLIN+CLAVULANIC ACID","RAMEDA","PENICILLINS.PENICILLIN WITH B-LACTAMASE INHIBITOR","ORAL.SOLID","17.5","",""
"1857","AUGRAM 228.5 MG/5ML PD. FOR ORAL SUSP. 60 ML","أوجرام معلق فموي","AMOXICILLIN+CLAVULANIC ACID","RAMEDA","PENICILLINS.PENICILLIN WITH B-LACTAMASE INHIBITOR","ORAL.LIQUID","56.0","",""
"1858","AUGRAM 312.5 MG 10 CHEWABLE TABS.","أوجرام 10 تشيوابل","AMOXICILLIN+CLAVULANIC ACID","RAMEDA","PENICILLINS.PENICILLIN WITH B-LACTAMASE INHIBITOR","ORAL.SOLID","17.5","",""
"1859","AUGRAM 457 MG 10 CHEWABLE TABS.","أوجرام 10 تشيوابل","AMOXICILLIN+CLAVULANIC ACID","RAMEDA","PENICILLINS.PENICILLIN WITH B-LACTAMASE INHIBITOR","ORAL.SOLID","28.5","",""
"1860","AUGRAM 457 MG/5ML PD. FOR ORAL SUSP. 60 ML","أوجرام معلق فموي","AMOXICILLIN+CLAVULANIC ACID","RAMEDA","PENICILLINS.PENICILLIN WITH B-LACTAMASE INHIBITOR","ORAL.LIQUID","67.0","",""
"1861","AUGRAM 642.9 MG/5ML PD. FOR ORAL SUSP. 60 ML","أوجرام معلق فموي","AMOXICILLIN+CLAVULANIC ACID","RAMEDA","PENICILLINS.PENICILLIN WITH B-LACTAMASE INHIBITOR","ORAL.LIQUID","87.0","",""
"1862","AUJED 625 MG 12 F.C. TAB.","أوجيد أقراص مغلفة","AMOXICILLIN+CLAVULANIC ACID","SIGMA TEC > JEDCO INT. CO. FOR PHARMACEUTICALS","PENICILLINS.PENICILLIN WITH B-LACTAMASE INHIBITOR","ORAL.SOLID","19.2","",""
"1863","AUREI 60GM MASSAGE GEL","أورا مساج","GLUCOSAMINE+CETYLMYRISTOLEATE+MENTHOL+CAMPHOR OIL+EUCALYPTUS OIL+PEPPERMINT OIL","EL NILE > CCC PHARMA","MASSAGE GIL","TOPICAL","55.0","",""
"1864","AURELIA-ALBA LIGHTENING CREAM 50 GM","أوريليا-ألبا ليغتينينج","LIQUORICE EXT.+BEARBERRY EXT.+WHEAT GERM OIL+NIACINAMIDE+VITAMIN C+OCTYLMETHOXYCINNAMATE+TITANIUM DIOXIDE","COSMOPACK FOR COSMETICS > INFINITY PHARMA FOR PHARMACEUTICALS","SKIN CARE.WHITENING","TOPICAL","130.0","",""
"1865","AURIER 10 SACHETS","أورير","GELATIN (COLLAGEN) HYDROLYSATE+VITAMIN C","PHARMAZAD > XTRA MED","ANTI-RHEUMATIC.OSTEOARTHRITIS.ANABOLIC AGENTS","EFF","100.0","",""
"1866","AURIS EAR DROPS 15 ML","أوريس إار","CHLOROBUTANOL+BHT+ALMOND OIL+VITAMIN E+OLIVE OIL+TEA TREE OIL+CALENDULA OIL+PARAFFIN OIL","HEALTHY GROUP FOR COSMETICS > LANDMARK PHARMA","WAX REMOVER","EAR","10.5","",""
"1867","AURITA CREAM 50 GM","أوريتا","SALICYLIC ACID+LIQUORICE EXTRACT+THYME OIL+CHAMOMILE OIL+TEA TREE OIL+ALOE-VERA EXTRACT+TOCOPHEROL","COSMOPACK > INFINITY PHARMA FOR PHARMACEUTICALS","ANTI-ACNE","TOPICAL","40.0","",""
"1868","AUTHENTIC 50 GM CREAM","أوثينتيك","MENTHOL+EUCALYPTUS+CAMPHOR","LEADER > FLARE PHARMA","MASSAGE CREAM","TOPICAL","50.0","",""
"1869","AUTHENTIC SPRAY 120 ML","أوثينتيك","CAMPHOR+ MENTHOL+ EUCALYPTUS","LEADER > FLARE PHARMA","MASSAGE SPRAY","SPRAY","110.0","",""
"1870","AVALOMEG 120ML SYRUP","أفالوميج","FISH OIL VIT D3 VIT E","ORGANIX > MEDTRONIC","MULTIVITAMIN","ORAL.LIQUID","450.0","",""
"1871","AVALON DIAPER CREAM 100 ML","أفالون ديابير","ZINC OXIDE+PANTHENOL+CETRIMIDE+EMULGIN B2+CASTOR OIL+OLIVE OIL+CETOSTEARYL ALCOHOL+PARAFFIN OIL+GLYC","AVALON PHARMA > MEDICA PHARMA","SOOTHING TOPICAL","TOPICAL","120.0","",""
"1872","AVALON NIPPLE CARE CREAM 30ML","أفالون نيببلي كاري","OLIVE OIL+COCOA BUTTER+PANTHENOL+PARAFFIN OIL+VASELINE","AVALON PHARMA > MEDICA PHARMA","SKIN CARE.MOISTURIZING","TOPICAL","195.0","",""
"1873","AVALON STRETCH MARK CREAM 70ML","أفالون ستريتتش مارك","OLIVE OIL+CASTOR OIL+COCOA BUTTER+ELASTIN+COLLAGEN+VASLEINE+LANOLIN+GLYCERIN+CETOSTEARYL ALCOHOL+MET","AVALON PHARMA > MEDICA PHARMA","SKIN CARE.FIRMING","TOPICAL","375.0","",""
"1874","AVALON VITAMIN D 30 CAPSULES","أفالون فيتامين د","VITAMIN D3","ORGANIX COMPANY > EL-NOR PHARMACECEUTICAL COMPANY","MULTVITAMIN","ORAL.SOLID","170.0","",""
"1875","AVALOX 400MG 5 F.C. TAB.","أفالوكس أقراص مغلفة","MOXIFLOXACIN","BAYER SCHERING > BAYER HEALTHCARE","ANTIBIOTIC.QUINOLONE","ORAL.SOLID","90.0","",""
"1876","AVAMYS NASAL SPRAY 120 DOSES","أفاميس 120 دوسيس بخاخ أنفي","FLUTICASONE FUROATE","GLAXO SMITHKLINE","BRONCHODILATOR.ANTI-INFLAMMATORY.GLUCOCORTICOID STEROID","SPRAY","160.0","",""
"1877","AVANDORIX SYRUP 120 ML","أفاندوريكس","","> ROYAL CARE PHARMA","MULTIVITAMIN","ORAL.LIQUID","78.0","",""
"1878","AVANJOY 100 MG 4 TABS.","أفانجوي","AVANAFIL","EVA PHARMA","SEXUAL TONIC","ORAL.SOLID","26.0","",""
"1879","AVANJOY 200 MG 4 TABS.","أفانجوي","AVANAFIL","EVA PHARMA","SEXUAL TONIC","ORAL.SOLID","43.0","",""
"1880","AVANJOY 50 MG 4 TABS.","أفانجوي","AVANAFIL","EVA PHARMA","SEXUAL TONIC","ORAL.SOLID","16.0","",""
"1881","AVANO PANTHENOL CREAM 30 GM","أفانو بانثينول","PANTHENOL","AVANO PHARMA","SKIN CARE.MOISTURIZING","TOPICAL","24.0","",""
"1882","AVANOSA BRANDY 30 ML SPRAY","أفانوسا براندي","ISOTONIC SEA WATER+HYALURONIC ACID+ALOE VERA EXTRACT+EUCALYPTUS+MENTHOL+PANTHENOL+VITAMIN A+VITAMIN E+PROPYLENE GLYCOL+GLYCERINE+ALLANTOIN","BRAND INTERNATIONAL FSC > ALICO PHARMA","NASAL SPRAY","SPRAY","120.0","",""
"1883","AVANT CARE OMEGA 60 GUMMIES","أفانت كار أوميجا 60 جومميس","112.24 MG FISH OIL+16.5 MG OMEGA 3 (DHA)+91.5 MG FLAXSEED OIL+43.5 MG OMEGA 3 (ALA)+21.5 MG OMEGA 6 (LINOLEIC ACID)+10 MG OMEGA 9 (OLEIC ACID)+6.5 MG VITAMIN C+0.75 MG VITAMIN E+150 IU VITAMIN D3","HAPPY SWEET CO. FOR FOOD INDUSTRIES > AVANTGARDE PHARMA EGYPT","112.24 MG FISH OIL 16.5 MG OMEGA 3 (DHA) 91.5 MG FLAXSEED OIL 43.5 MG OMEGA 3 (ALA) 21.5 MG OMEGA 6 (LINOLEIC ACID) 10 MG OMEGA 9 (OLEIC ACID) 6.5 MG VITAMIN C 0.75 MG VITAMIN E 150 IU VITAMIN D3 / GUMMY","UNKNOWN","200.0","",""
"1884","AVANTGARDE BABY 150 GM BODY LOTION","أفانتجارد باب بود","THYMUS VULGARIS LEAF OIL+TOCOPHEROL+TRIETHANOLAMINE+LAVANDULA ANGUSTIFOLIA OIL","VITALITY COSMETICS EGYPT > AVANTGARDE PHARMA","THYMUS VULGARIS LEAF OIL TOCOPHEROL TRIETHANOLAMINE LAVANDULA ANGUSTIFOLIA OIL","UNKNOWN","115.0","",""
"1885","AVANTGARDE BABY ANTI-DANDRUFF FOAM SHAMPOO 150 ML","أفانتجاردي بابي أنتي-داندروفف","SUNFLOWER OIL+AVOCADO EXTRACT","VITALITY COSMETICS EGYPT > AVANTGARDE PHARMA","SUNFLOWER OIL AVOCADO EXTRACT","TOPICAL","155.0","",""
"1886","AVANTGARDE BABY CREAM 75 GM","أفانتجارد باب","SWEET ALMONDE OIL+CHAMOMILE OIL+LAVANDER OIL+CARAWAY OIL","VITALITY COSMETICS EGYPT > AVANTGARDE PHARMA","SWEET ALMONDE OIL CHAMOMILE OIL LAVANDER OIL CARAWAY OIL","TOPICAL","65.0","",""
"1887","AVANTGARDE BABY DIAPER 75 GM CREAM","أفانتجارد باب ديابير","ZINC OXIDE+BEES WAX+OLIVE OIL+AVOCADO EXTRACT+PANTHENOL","VITALITY COSMETICS EGYPT > AVANTGARDE PHARMA","ZINC OXIDE BEES WAX OLIVE OIL AVOCADO EXTRACT PANTHENOL","TOPICAL","99.0","",""
"1888","AVANTGARDE BABY PREVAC 50 GM GEL","أفانتجارد باب بريفاك","ARINCA EXTRACT","VITALITY COSMETICS EGYPT > AVANTGARDE PHARMA","PREVAC GEL FORTIFIES WITH ARINCA EXTRACT","TOPICAL","80.0","",""
"1889","AVANTGARDE NIPPLE CARE CREAM 75 GM","أفانتجارد نيببل كار","LANOLIN+ALEO VERA+OLIVE OIL+SWEAT ALMONDE OIL+GLYCERIN","VITALITY COSMETICS EGYPT > AVANTGARDE PHARMA","LANOLIN ALEO VERA OLIVE OIL SWEAT ALMONDE OIL GLYCERIN","TOPICAL","80.0","",""
"1890","AVANTOFER 30 ML ORAL DROPS","أفانتوفير فموي","174.91 MG LIPOSOMAL FERRIC PYROPHOSPHATE+40 MG L-ASCORBIC ACID+0.08 MG FOLIC ACID+0.0004 MG CYANOCOBALAMIN / 1 ML","ORGANIX > AVANTGARDE PHARMA EGYPT","MULTIVITAMIN 174.91 MG LIPOSOMAL FERRIC PYROPHOSPHATE 40 MG L-ASCORBIC ACID 0.08 MG FOLIC ACID 0.0004 MG CYANOCOBALAMIN","ORAL.LIQUID","105.0","",""
"1891","AVANTOSIS 10 ML ORAL DROPS","أفانتوسيس فموي","400 IU VIT D 20 MG DHA & 2 MG VIT E / 4 DROPS","ORGANIX FOR FOOD SUPPLEMENTS > AVANTGARDE PHARMA","400 IU VIT D 20 MG DHA & 2 MG VIT E / 4 DROPS","ORAL.LIQUID","95.0","",""
"1892","AVARA 10 MG 30 F.C.TABS.","أفارا","LEFLUNOMIDE","SANOFI","IMMUNOSUPPRESSIVE AGENT.ANTIRHEUMATIC ANTIVIRAL AGENT.PYRIMIDINE SYNTHESIS INHIBITOR","ORAL.SOLID","315.0","",""
"1893","AVARA 100 MG 3 F.C.TABS.(N/A)","أفارا","LEFLUNOMIDE","SANOFI","IMMUNOSUPPRESSIVE AGENT.ANTIRHEUMATIC ANTIVIRAL AGENT.PYRIMIDINE SYNTHESIS INHIBITOR","ORAL.SOLID","160.0","",""
"1894","AVARA 20 MG 30 F.C.TABS.","أفارا","LEFLUNOMIDE","SANOFI","IMMUNOSUPPRESSIVE AGENT.ANTIRHEUMATIC ANTIVIRAL AGENT.PYRIMIDINE SYNTHESIS INHIBITOR","ORAL.SOLID","483.0","",""
"1895","AVASTIN 100MG/4ML I.V. VIAL","أفاستين فيال","BEVACIZUMAB","F.HOFFMAN LA ROCHE","ANTINEOPLASTIC","INJECTION","7056.0","",""
"1896","AVASTIN 400MG/16ML I.V. VIAL","أفاستين فيال","BEVACIZUMAB","F.HOFFMAN LA ROCHE","ANTINEOPLASTIC","INJECTION","23529.0","",""
"1897","AVASTING 100MG/4ML I.V. VIAL","أفاستينج فيال","BEVACIZUMAB","F.HOFFMAN LA ROCHE > GYPTO PHARMA","ANTINEOPLASTIC","INJECTION","7056.0","",""
"1898","AVASTING 400MG/16ML I.V. VIAL","أفاستينج فيال","BEVACIZUMAB","F.HOFFMAN LA ROCHE > GYPTO PHARMA","ANTINEOPLASTIC","INJECTION","23529.0","",""
"1899","AVAXIM 160ANTIGEN UNIT /0.5ML PREFILLED SYRINGE","أفاكسيم 160أنتيجين أونيت حقنة معبأة مسبقًا","VACCINE HEPATITIS A","SANOFI PASTEUR-FRANCE > ETIMEX-EGYPT","VACCINE","INJECTION","110.0","",""
"1900","AVAXIM PEDIATRIC 80 ANTIGEN UNIT/0.5ML PREF.SYRINGE","أفاكسيم بيدياتريك 80 أنتيجين أونيت/ بريف.سيرينج","VACCINE HEPATITIS A","SANOFI PASTEUR-FRANCE > ETIMEX-EGYPT","VACCINE","INJECTION","252.0","",""
"1901","AVAZIR 0.3% EYE DROPS 10 ML","أفازير 0.3% قطرة عين","TOBRAMYCIN","ORCHIDIA PHARMACEUTICAL INDUSTRIES > ORCHIDIA","AMINOGLYCOSIDE ANTIBIOTIC","EYE","28.0","",""
"1902","AVAZIR 0.3% EYE OINT. 5 GM","أفازير 0.3% قطرة عين","TOBRAMYCIN","ORCHIDIA PHARMACEUTICAL INDUSTRIES > ORCHIDIA","AMINOGLYCOSIDE ANTIBIOTIC","EYE","26.0","",""
"1903","AVEENO BABY DAILY MOISTURE LOTION 150 ML","أفينو بابي دايلي مويستوري","","JOHNSON & JOHNSON","SKIN CARE","UNKNOWN","100.0","",""
"1904","AVEENO DERMEXA DAILY EMOLLIENT BODY WASH 280 ML","أفينو ديرميكسا دايلي إموللينت بودي واش","","JOHNSON & JOHNSON","SKIN CARE","TOPICAL","260.0","",""
"1905","AVEENO DERMEXA EMOLLIENT BODY CREAM 200 ML","أفينو ديرميكسا إموللينت بودي","","JOHNSON & JOHNSON","SKIN CARE","TOPICAL","200.0","",""
"1906","AVEENO DERMEXA EMOLLIENT HAND CREAM 75 ML","أفينو ديرميكسا إموللينت هاند","","JOHNSON & JOHNSON","SKIN CARE","TOPICAL","120.0","",""
"1907","AVEENZ SUN SCREEN 50+ SPF CREAM 50 GM","أفينز سون سكرين 50+ سبف","BUTYL METHOXY DIBENZOYLMETHANE+BENZOPHENONE-3+BIS-ETHYLHEXYLOXYPHENOL METHOXYPHENYL TRIAZINE","EGYPTIAN COMPANY FOR COSMETICS > EXCELLENCE PHARM","SUN BLOCK","TOPICAL","150.0","",""
"1908","AVEFOX 30 TABS.","أفيفوكس","VITAMIN B1+VITAMIN B6+VITAMIN B7+VITAMIN B12+FOLIC ACID","PHARMA ZAD > HEALING PHARMA","MULTI VITAMIN","ORAL.SOLID","150.0","",""
"1909","AVENE 50+ CREAM 50 ML","أفيني 50+","","PIERRE - FABRE FRANCE > BIOTECH EGYPT","SUN BLOCK","TOPICAL","379.0","",""
"1910","AVENE 50+ EMULSION 50 ML","أفيني 50+","","PIERRE - FABRE FRANCE > BIOTECH EGYPT","SUN BLOCK","UNKNOWN","379.0","",""
"1911","AVENE 50+ MILK 100 ML","أفيني 50+ ميلك","","PIERRE - FABRE FRANCE > BIOTECH EGYPT","SUN BLOCK","TOPICAL","479.0","",""
"1912","AVENE 50+ MILK FOR CHILDREN 100 ML","أفيني 50+ ميلك للأطفال","","PIERRE - FABRE FRANCE > BIOTECH EGYPT","SUN BLOCK","UNKNOWN","239.0","",""
"1913","AVENE 50+ SPRAY 200 ML","أفيني 50+","","PIERRE - FABRE FRANCE > BIOTECH EGYPT","SUN BLOCK","SPRAY","489.0","",""
"1914","AVENE 50+ SPRAY FOR CHILDREN 200 ML","أفيني 50+ للأطفال","SUN PROTECTION FORMULA","PIERRE - FABRE FRANCE > BIOTECH EGYPT","SUN BLOCK","SPRAY","499.0","",""
"1915","AVENE 50+ TINTED CREAM 50 ML","أفيني 50+ تينتيد","","PIERRE - FABRE FRANCE > BIOTECH EGYPT","SUN BLOCK","TOPICAL","379.0","",""
"1916","AVENE 50+ TINTED EMULSION 50 ML","أفيني 50+ تينتيد","","PIERRE - FABRE FRANCE > BIOTECH EGYPT","SUN BLOCK","TOPICAL","379.0","",""
"1917","AVENE AFTER-SUN CARE LOTION 200 ML","أفيني أفتير-سون كاري","","PIERRE - FABRE FRANCE > BIOTECH EGYPT","SKIN CARE","UNKNOWN","157.0","",""
"1918","AVENE AKERAT CREAM 200ML","أفيني أكيرات","","PIERRE - FABRE FRANCE > BIOTECH EGYPT","SKIN CARE","TOPICAL","339.0","",""
"1919","AVENE AKERAT SMOOTHING EXFOLIATING CREAM 200ML","أفيني أكيرات سموثينج إكسفولياتينج","","PIERRE - FABRE FRANCE > BIOTECH EGYPT","SKIN CARE","TOPICAL","299.0","",""
"1920","AVENE CICALFATE+ RESTORATIVE SKIN CREAM 40 ML","أفيني سيكالفاتي+ ريستوراتيفي سكين","","PIERRE - FABRE FRANCE > BIOTECH EGYPT","skin care.HEALING","TOPICAL","250.0","",""
"1921","AVENE CLEAN AC 40 ML","أفيني كليان أك","","PIERRE - FABRE FRANCE > BIOTECH EGYPT","SKIN CARE","TOPICAL","154.0","",""
"1922","AVENE CLEANANCE CLEANSING WATER 400ML","أفيني كليانانسي كليانسينج ماء","","PIERRE - FABRE FRANCE > BIOTECH EGYPT","SKIN CARE","UNKNOWN","245.0","",""
"1923","AVENE CLEANANCE EXPERT EMULSION 40 ML","أفيني كليانانسي إكسبيرت","","PIERRE - FABRE FRANCE > BIOTECH EGYPT","SKIN CARE","UNKNOWN","249.0","",""
"1924","AVENE CLEANANCE GEL 200 ML","أفيني كليانانسي","","PIERRE - FABRE FRANCE > BIOTECH EGYPT","SKIN CARE","TOPICAL","240.0","",""
"1925","AVENE CLEANANCE HYDRA CREAM 40 ML","أفيني كليانانسي هيدرا","","PIERRE - FABRE FRANCE > BIOTECH EGYPT","SKIN CARE","TOPICAL","289.0","",""
"1926","AVENE CLEANANCE K CREAM-GEL 40 ML","أفيني كليانانسي ك","","PIERRE - FABRE FRANCE > BIOTECH EGYPT","SKIN CARE","TOPICAL","149.0","",""
"1927","AVENE CLEANANCE SUNSCREEN SPF 50+ 50 ML","أفيني كليانانسي سونسكرين سبف 50+","","PIERRE - FABRE FRANCE > BIOTECH EGYPT","SUN BLOCK","TOPICAL","379.0","",""
"1928","AVENE COLD CREAM 100 ML","أفيني كولد","","PIERRE - FABRE FRANCE > BIOTECH EGYPT","SKIN CARE","TOPICAL","269.0","",""
"1929","AVENE COLD CREAM BODY LOTION 400 ML","أفيني كولد بودي","","PIERRE - FABRE FRANCE > BIOTECH EGYPT","SKIN CARE","UNKNOWN","295.0","",""
"1930","AVENE COLD CREAM CLEANSING GEL 250 ML","أفيني كولد كليانسينج","","PIERRE - FABRE FRANCE > BIOTECH EGYPT","SKIN CARE","TOPICAL","189.0","",""
"1931","AVENE COLD CREAM FOR HANDS 75 ML","أفيني كولد هاندس","","PIERRE - FABRE FRANCE > BIOTECH EGYPT","SKIN CARE","TOPICAL","235.0","",""
"1932","AVENE COLD CREAM LIP BALM 4 GM","أفين كولد ليب بالم","","PIERRE - FABRE FRANCE > BIOTECH EGYPT","SKIN CARE","TOPICAL","165.0","",""
"1933","AVENE COLD CREAM LIP CREAM 15 ML","أفيني كولد ليب","","PIERRE - FABRE FRANCE > BIOTECH EGYPT","SKIN CARE","TOPICAL","165.0","",""
"1934","AVENE D-PIGMENT LIGHT 30 ML","أفيني د-بيجمينت ليغت","","PIERRE - FABRE FRANCE > BIOTECH EGYPT","SKIN CARE","TOPICAL","365.0","",""
"1935","AVENE D-PIGMENT RICH 30 ML","أفيني د-بيجمينت ريتش","","PIERRE - FABRE FRANCE > BIOTECH EGYPT","SKIN CARE","TOPICAL","365.0","",""
"1936","AVENE ELUAGE CREAM 30 ML","أفيني إلواجي","","PIERRE - FABRE FRANCE > BIOTECH EGYPT","FIRMING TOPICAL","TOPICAL","429.0","",""
"1937","AVENE ELUAGE EYE CONTOUR 15 ML","أفيني إلواجي قطرة عين كونتور","","PIERRE - FABRE FRANCE > BIOTECH EGYPT","EYE CONTOUR","TOPICAL","379.0","",""
"1938","AVENE EXTREMELY GENTLE CLEANSER 200ML","أفيني إكستريميلي جينتلي كليانسير","","PIERRE - FABRE FRANCE > BIOTECH EGYPT","SKIN CARE","TOPICAL","179.0","",""
"1939","AVENE GENTLE PURIFYING SCRUB 75 ML","أفيني جينتلي بوريفيينج سكروب","","PIERRE - FABRE FRANCE > BIOTECH EGYPT","SKIN CARE","TOPICAL","325.0","",""
"1940","AVENE GENTLE TONER 200 ML","أفيني جينتلي تونير","","PIERRE - FABRE FRANCE > BIOTECH EGYPT","SKIN CARE","UNKNOWN","245.0","",""
"1941","AVENE HIGH PROTECTION COMPACT SPF 50 BEIGE (SABLE) 10 GM","أفين هيغ بروتيكتيون كومباكت سبف 50 بايج","","PIERRE - FABRE FRANCE > BIOTECH EGYPT","","UNKNOWN","439.0","",""
"1942","AVENE HIGH PROTECTION COMPACT SPF 50 HONEY 10 GM","أفين هيغ بروتيكتيون كومباكت سبف 50 عسل","","PIERRE - FABRE FRANCE > BIOTECH EGYPT","","UNKNOWN","439.0","",""
"1943","AVENE HIGH PROTECTION MINERAL CREAM SPF 50 - 50 ML","أفيني هيغ بروتيكتيون مينيرال سبف 50","","PIERRE - FABRE FRANCE > BIOTECH EGYPT","","TOPICAL","285.0","",""
"1944","AVENE HYDRANCE OPTIMALE LIGHT SPF20 40 ML","أفيني هيدرانسي أوبتيمالي ليغت سبف20","","PIERRE - FABRE FRANCE > BIOTECH EGYPT","","TOPICAL","249.0","",""
"1945","AVENE HYDRANCE OPTIMALE RICH SPF20 40 ML","أفيني هيدرانسي أوبتيمالي ريتش سبف20","","PIERRE - FABRE FRANCE > BIOTECH EGYPT","","TOPICAL","249.0","",""
"1946","AVENE MICELLAR LOTION CLEANSER AND MAKE-UP REMOVER 200ML","أفيني ميسيللار كليانسير أند ماكي-أوب ريموفير","","PIERRE - FABRE FRANCE > BIOTECH EGYPT","SKIN CARE","UNKNOWN","185.0","",""
"1947","AVENE PHYSIOLIFT EYES 15ML","أفيني فيسيوليفت إييس","","PIERRE - FABRE FRANCE > BIOTECH EGYPT","EYE CONTOUR","TOPICAL","395.0","",""
"1948","AVENE PHYSIOLIFT PRECISION WRINKLE FILLER 15ML","أفيني فيسيوليفت بريسيسيون ورينكلي فيللير","","PIERRE - FABRE FRANCE > BIOTECH EGYPT","skin care.MOISTURIZING","TOPICAL","519.0","",""
"1949","AVENE PHYSIOLIFT SMOOTHING NIGHT BALM 30ML","أفيني فيسيوليفت سموثينج نيغت بالم","","PIERRE - FABRE FRANCE > BIOTECH EGYPT","skin care.MOISTURIZING","TOPICAL","499.0","",""
"1950","AVENE SKIN RECOVERY CREAM 40 ML","أفيني سكين ريكوفيري","","PIERRE - FABRE FRANCE > BIOTECH EGYPT","MOISTURIZING TOPICAL","TOPICAL","219.0","",""
"1951","AVENE SOOTHING EYE CONTOUR CREAM 10 ML","أفيني سوثينج قطرة عين كونتور","","PIERRE - FABRE FRANCE > BIOTECH EGYPT","EYE CONTOUR","TOPICAL","189.0","",""
"1952","AVENE THERMAL SPRING WATER 150 ML","أفيني ثيرمال سبرينج ماء","","PIERRE - FABRE FRANCE > BIOTECH EGYPT","SKIN CARE","SPRAY","230.0","",""
"1953","AVENE THERMAL SPRING WATER 300 ML","أفيني ثيرمال سبرينج ماء","","PIERRE - FABRE FRANCE > BIOTECH EGYPT","SKIN CARE","SPRAY","325.0","",""
"1954","AVENE TOLERANCE EXTREME CREAM 50 ML","أفيني توليرانسي إكستريمي","","PIERRE - FABRE FRANCE > BIOTECH EGYPT","MOISTURIZING TOPICAL","TOPICAL","365.0","",""
"1955","AVENE TRIACNEAL CREAM 30 ML","أفيني ترياكنيال","","PIERRE - FABRE FRANCE > BIOTECH EGYPT","ANTI-ACNE","TOPICAL","219.0","",""
"1956","AVENE TRIACNEAL EXPERT EMULSION 30 ML","أفيني ترياكنيال إكسبيرت","","PIERRE - FABRE FRANCE > BIOTECH EGYPT","SKIN CARE","UNKNOWN","389.0","",""
"1957","AVENE TRIXERA NUTRI-FLUID BALM 200ML","أفيني تريكسيرا نوتري-فلويد بالم","","PIERRE - FABRE FRANCE > BIOTECH EGYPT","skin care.MOISTURIZING","TOPICAL","399.0","",""
"1958","AVENE TRIXERA NUTRI-FLUID CLEANSER 400ML","أفيني تريكسيرا نوتري-فلويد كليانسير","","PIERRE - FABRE FRANCE > BIOTECH EGYPT","skin care.MOISTURIZING","UNKNOWN","399.0","",""
"1959","AVENE TRIXERA NUTRI-FLUID LOTION 400ML","أفيني تريكسيرا نوتري-فلويد","","PIERRE - FABRE FRANCE > BIOTECH EGYPT","MOISTURIZING TOPICAL","UNKNOWN","365.0","",""
"1960","AVENE TRIXERA+ SELECTIOSE EMOLLIENT BALM 200ML","أفيني تريكسيرا+ سيليكتيوسي إموللينت بالم","","PIERRE - FABRE FRANCE > BIOTECH EGYPT","MOISTURIZING TOPICAL","TOPICAL","259.0","",""
"1961","AVENE TRIXERA+ SELECTIOSE EMOLLIENT CLEANSING GEL 400ML","أفيني تريكسيرا+ سيليكتيوسي إموللينت كليانسينج","","PIERRE - FABRE FRANCE > BIOTECH EGYPT","MOISTURIZING TOPICAL","TOPICAL","279.0","",""
"1962","AVENE TRIXERA+ SELECTIOSE EMOLLIENT CREAM 200ML","أفيني تريكسيرا+ سيليكتيوسي إموللينت","","PIERRE - FABRE FRANCE > BIOTECH EGYPT","MOISTURIZING TOPICAL","TOPICAL","259.0","",""
"1963","AVENE ULTRA RICH CLEANSING SOAP 100 GM","أفين أولترا ريتش كليانسينج صابونة","","PIERRE - FABRE FRANCE > BIOTECH EGYPT","SOAP","SOAP","155.0","",""
"1964","AVENE XERACALM A.D CREAM 200ML","أفيني كسيراكالم أ.د","","PIERRE - FABRE FRANCE > BIOTECH EGYPT","SKIN CARE","TOPICAL","429.0","",""
"1965","AVENE YSTHEAL+ CREAM 30 ML","أفيني يسثيال+","","PIERRE - FABRE FRANCE > BIOTECH EGYPT","MOISTURIZING TOPICAL","TOPICAL","429.0","",""
"1966","AVENE YSTHEAL+ EYE CONTOUR 15 ML","أفيني يسثيال+ قطرة عين كونتور","","PIERRE - FABRE FRANCE > BIOTECH EGYPT","EYE CONTOUR","TOPICAL","399.0","",""
"1967","AVENIR 3G 10 SACHETS","أفينير","FERROUS BIS GLYCINAT+LACTOFERRIN+VAITIMN C","NUTRIXIA > ARCADIA","IRON SUPPLEMENT","EFF","130.0","",""
"1968","AVENTO TOUCH CREAM 50 GM","أفينتو توتش","CERAMIDE+PANTHENOL+CHAMOMILE+ALLANTOIN+OTHER","NILE COSMECEUTICAL > AVENTO PHARMACEUTICAL","MOISTURISER CREAM","TOPICAL","110.0","",""
"1969","AVEROBIOS 642.9 MG/5 ML 60ML SUSP.","أفيروبيوس 642.9 مجم/5 مل","AMOXICILLIN+CLAVULANIC ACID","ARAB CAPS > AVERROES PHARMA-EGYPT","PENICILLINS.PENICILLIN WITH B-LACTAMASE INHIBITOR","ORAL.LIQUID","104.0","",""
"1970","AVEROBIOS 642.9 MG/5 ML 75ML SUSP.","أفيروبيوس 642.9 مجم/5 مل","AMOXICILLIN+CLAVULANIC ACID","SIGMATEC > AVERROES PHARMA-EGYPT","PENICILLINS.PENICILLIN WITH B-LACTAMASE INHIBITOR","ORAL.LIQUID","118.0","",""
"1971","AVEROCAL-D SYRUP 120 ML","أفيروكال-د","CALCIUM GLUBIONATE+VITAMIN D3+CYANOCOBALAMINE+VITAMIN K1","AVERROES PHARMA","CALCIUM SUPPLEMENT","ORAL.LIQUID","35.0","",""
"1972","AVEROCOXIB 120 MG 10 F.C. TABS.","أفيروكوكسيب أقراص مغلفة","ETORICOXIB","AVERROES PHARMA","NSAID.SELECTIVE COX-2 INHIBITORS","ORAL.SOLID","92.0","",""
"1973","AVEROCOXIB 60 MG 30 F.C. TABS.","أفيروكوكسيب أقراص مغلفة","ETORICOXIB","AVERROES PHARMA","NSAID.SELECTIVE COX-2 INHIBITORS","ORAL.SOLID","228.0","",""
"1974","AVEROCOXIB 90 MG 20 F.C. TABS.","أفيروكوكسيب أقراص مغلفة","ETORICOXIB","AVERROES PHARMA","NSAID.SELECTIVE COX-2 INHIBITORS","ORAL.SOLID","228.0","",""
"1975","AVEROFAGE 15/500MG 30 F.C.TABS.","أفيروفاج 15 15/500 قرص","METFORMIN+PIOGLITAZONE","AVERROES PHARMA-EGYPT","ANTI-DIABETIC.SENSITIZERS.COMBINED GLITAZONE +BIGUANIDE","ORAL.SOLID","69.0","",""
"1976","AVEROFAGE 15/850MG 30 F.C.TABS.","أفيروفاج 15 15/850 قرص","METFORMIN+PIOGLITAZONE","AVERROES PHARMA-EGYPT","ANTI-DIABETIC.SENSITIZERS.COMBINED GLITAZONE +BIGUANIDE","ORAL.SOLID","76.5","",""
"1977","AVEROFECTAN 250MG/5ML SUSP. 60 ML","أفيروفيكتان 250مجم/5مل","CEFDINIR","SHIFA MEDICAL PRODUCTS > AVERROES PHARMA-EGYPT","ANTIBIOTIC.CEPHALOSPORIN.THIRD-GENERATION","ORAL.LIQUID","32.0","",""
"1978","AVEROFEROZ 30 CAPS.","أفيروفيروز","IRON+ZINC+COPPER+VITAMIN(B6+B12)+FOLIC ACID","AVERROES PHARMA","ANEMIA.IRON SUPPLEMENT COMBINED WITH FOLIC ACID","ORAL.SOLID","110.0","",""
"1979","AVEROLOSIN 2 GM GR. 7 SACHETS","أفيرولوسين جر","STRONTIUM-89 CHLORIDE","AVERROES PHARMA-EGYPT","OSTEOPOROSIS.ANTIRESORPTIVES","EFF","43.0","",""
"1980","AVEROMILAN 50 MG 30 F.C.TABS.","أفيروميلان","MILNACIPRAN HYDROCHLORIDE","AVERROES PHARMA","PSYCHIATRIC.ANTIDEPRESSANTS","ORAL.SOLID","106.5","",""
"1981","AVEROPREG 100MG 15 CAPS.","أفيروبريج","PREGABALIN","EL-OBOUR > AVERROES PHARMA-EGYPT","ANTI-EPILEPTIC.GABA ANALOGS","ORAL.SOLID","69.0","",""
"1982","AVEROPREG 100MG/5ML SYRUP 60 ML","أفيروبريج شراب","PREGABALIN","AVERROES PHARMA-EGYPT","ANTI-EPILEPTIC.GABA ANALOGS","ORAL.LIQUID","55.5","",""
"1983","AVEROPREG 50MG 20 CAPS.","أفيروبريج","PREGABALIN","EL-OBOUR > AVERROES PHARMA-EGYPT","ANTI-EPILEPTIC.GABA ANALOGS","ORAL.SOLID","64.0","",""
"1984","AVEROSOMNIA 3 MG 20 F.C. TABS.","أفيروسومنيا أقراص مغلفة","ESZOPICLONE","AVERROES PHARMA","PSYCHIATRIC.ANXIOLYTICS-HYPNOTICS","ORAL.SOLID","54.0","",""
"1985","AVEROTHIAZIDE 10/40/12.5 MG 30 F.C.TABS.","أفيروثيازيد 10 10/40/12.5 قرص","AMLODIPINE+OLMESARTAN+HYDROCHLOROTHIAZIDE","AVERROES PHARMA-EGYPT","ANTI-HYPERTENSIVE.COMBINED ANGIOTENSIN BLOCKER & CA++ CHANNEL BLOCKER & DIURETIC","ORAL.SOLID","126.0","",""
"1986","AVEROTHIAZIDE 5/20/12.5 MG 30 F.C.TABS.","أفيروثيازيد 5 5/20/12.5 قرص","AMLODIPINE+OLMESARTAN+HYDROCHLOROTHIAZIDE","AVERROES PHARMA-EGYPT","ANTI-HYPERTENSIVE.COMBINED ANGIOTENSIN BLOCKER & CA++ CHANNEL BLOCKER & DIURETIC","ORAL.SOLID","93.0","",""
"1987","AVEROTHIAZIDE 5/40/12.5 MG 30 F.C.TABS.","أفيروثيازيد 5 5/40/12.5 قرص","AMLODIPINE+OLMESARTAN+HYDROCHLOROTHIAZIDE","AVERROES PHARMA-EGYPT","ANTI-HYPERTENSIVE.COMBINED ANGIOTENSIN BLOCKER & CA++ CHANNEL BLOCKER & DIURETIC","ORAL.SOLID","123.0","",""
"1988","AVEROTHIAZIDE 5/40/25MG 30 F.C.TABS.","أفيروثيازيد 5 5/40/25 قرص","AMLODIPINE+OLMESARTAN+HYDROCHLOROTHIAZIDE","AVERROES PHARMA","ANTI-HYPERTENSIVE.COMBINED ANGIOTENSIN BLOCKER & CA++ CHANNEL BLOCKER & DIURETIC","ORAL.SOLID","123.0","",""
"1989","AVEROZOLID 100MG/5ML SUSP. 150ML","أفيروزوليد 100مجم/5مل","LINEZOLID","EL-OBOUR > AVERROES PHARMA","ANTIBIOTIC.OXAZOLIDINONE","EFF","106.0","",""
"1990","AVEROZOLID 100MG/5ML SUSP. 60 ML","أفيروزوليد 100مجم/5مل","LINEZOLID","EL-OBOUR > AVERROES PHARMA-EGYPT","ANTIBIOTIC.OXAZOLIDINONE","EFF","67.0","",""
"1991","AVEROZOLID 200MG/100ML I.V. INFUSION 300 ML","أفيروزوليد 200مجم/100مل محلول للتسريب الوريدي","LINEZOLID","OTSUKA > AVERROES PHARMA-EGYPT","ANTIBIOTIC.OXAZOLIDINONE","INJECTION","126.0","",""
"1992","AVEROZOLID 600 MG 10 F.C.TAB.","أفيروزوليد","LINEZOLID","EL-OBOUR > AVERROES PHARMA-EGYPT","ANTIBIOTIC.OXAZOLIDINONE","ORAL.SOLID","231.0","",""
"1993","AVERTOL FACIAL WASH 200 ML","أفيرتول للوجه واش","LAURYL GLUCOSIDE+PANTHENOL+SULPHUR+SALICYLIC ACID+ALMOND OIL+VIT B3+LICORICE+CARBOMER+OLEANOLIC ACID","EGYPTIAN COMPANY FOR COSMETICS > GLOBAL PHARM","SKIN CARE","TOPICAL","55.0","",""
"1994","AVETRIX GEL 100GM","أفيتريكس","","MACRO GROUP PHARMACEUTICALS","LUBRICANT","TOPICAL","135.0","",""
"1995","AVIATAN 20 CHEWABLE TABLETS","أفياتان 20 تشيوابل","CALCIUM+MAGNESIUM+VIT D","PHARMAZAD > ELGHAREEB PHARMA","MULTIVITAMIN","ORAL.SOLID","70.0","",""
"1996","AVICAL 24 CHEW. TABS.","أفيكال 24 قابل للمضغ","CALCIUM CARBONATE+FOLIC ACID+VITAMIN D+VITAMIN E","NUTRIXIA > AVICENNA PHARM","CALCIUM SUPPLEMENT","ORAL.SOLID","49.0","",""
"1997","AVICHEST 2% 100ML SYRUP FOR CHILDREN & INFANTS","أفيتشيست 2% للأطفال & للرضعس","CARBOCYSTEINE","SANOFI","MUCOLYTIC","ORAL.LIQUID","5.8","",""
"1998","AVICHEST 375 MG 20 CAPS.","أفيتشيست","CARBOCYSTEINE","SANOFI","MUCOLYTIC","ORAL.SOLID","6.8","",""
"1999","AVICHEST 5% SYRUP FOR ADULT 100ML","أفيتشيست 5% للبالغين","CARBOCYSTEINE","SANOFI","MUCOLYTIC","ORAL.LIQUID","7.0","",""
"2000","AVICHEST 5% SYRUP FOR ADULT 100ML","أفيتشيست 5% للبالغين","CARBOCYSTEINE","SANOFI","MUCOLYTIC","ORAL.LIQUID","7.0","",""
"2001","AVIL 45.5MG/2ML 6 I.M. AMPS.","أفيل أمبول","PHENIRAMINE","SANOFI","ANTI-HISTAMINE.ANTI-ALLERGY","INJECTION","69.0","",""
"2003","AVILAC 10 SACHETS","أفيلاك","FENUGREEK SEEDS+FENNEL SEEDS+GINGER ROOTS+ANISE SEEDS","PHARMAZAD > AVICENNA PHARM","LACTAGOGUE","EFF","120.0","",""
"2006","AVIPECT SYRUP 100 ML","أفيبيكت","AMMONIUM CHLORIDE+PHENIRAMINE","SANOFI","COUGH PRODUCTS","ORAL.LIQUID","9.0","",""
"2007","AVIPIRAVIR 200 MG 40 F.C.TABS.","أفيبيرافير","FAVIPIRAVIR","EVA PHARMA","ANTIVIRAL","ORAL.SOLID","404.0","",""
"2008","AVIRON 24 TABS.","أفيرون","IRON+FOLIC ACID+VITAMIN B6+VITAMIN B12","NUTRIXIA > AVICENNA PHARM","IRON SUPPLEMENT","ORAL.SOLID","58.0","",""
"2009","AVIROX CREAM 30 GM","أفيروكس","ALLANTOIN+ALLIUM CEPA+ASCORBIC ACID+BETACAROTENE+CALENDULA OFFICINALIS+ECHINACEA PALLIDA+GLYCYRRHIZA","HI-CARE > ROVENTIS PHARMA","HEALING TOPICAL","TOPICAL","135.0","",""
"2010","AVIVAPRIL 10/12.5 MG 28 TABS.","أفيفابريل 10 10/12.5 قرص","HYDROCHLOROTHIAZIDE+RAMIPRIL","MARCYRL PHARMACEUTICAL INDUSTRIES (MPI)","ANTI-HYPERTENSIVE.COMBINED ACE WITH DIURETIC","ORAL.SOLID","54.0","",""
"2011","AVIVAPRIL 5 / 12.5 MG 21 TABS.","أفيفابريل 5 قرص","HYDROCHLOROTHIAZIDE+RAMIPRIL","MARCYRL PHARMACEUTICAL INDUSTRIES (MPI)","ANTI-HYPERTENSIVE.COMBINED ACE WITH DIURETIC","ORAL.SOLID","33.0","",""
"2012","AVIVATOR 10/10 MG 21 F.C. TAB. (N/A)","أفيفاتور 10 10/10 قرص","AMLODIPINE+ATORVASTATIN","MARCYRL PHARMACEUTICAL INDUSTRIES (MPI)","ANTIHYPERLIPIDEMIC.STATIN COMBINED WITH CA CHANNEL BLOCKER","ORAL.SOLID","48.0","",""
"2013","AVIVATOR 5/10 MG 21 F.C. TAB. (N/A)","أفيفاتور 5 5/10 قرص","AMLODIPINE+ATORVASTATIN","MARCYRL PHARMACEUTICAL INDUSTRIES (MPI)","ANTIHYPERLIPIDEMIC.STATIN COMBINED WITH CA CHANNEL BLOCKER","ORAL.SOLID","42.0","",""
"2014","AVIVAVASC 10/160MG 28 F.C. TABS.","أفيفافاسك 10 10/160 قرص","AMLODIPINE+VALSARTAN","MARCYRL PHARMACEUTICAL INDUSTRIES (MPI)","ANTI-HYPERTENSIVE. COMBINED ANGIOTENSIN BLOCKER WITH CALCIUM CHANNEL BLOCKER","ORAL.SOLID","140.0","",""
"2015","AVIVAVASC 5/160MG 28 F.C. TABS.","أفيفافاسك 5 5/160 قرص","AMLODIPINE+VALSARTAN","MARCYRL PHARMACEUTICAL INDUSTRIES (MPI)","ANTI-HYPERTENSIVE. COMBINED ANGIOTENSIN BLOCKER WITH CALCIUM CHANNEL BLOCKER","ORAL.SOLID","124.0","",""
"2016","AVOBEANO 10 CAPS.","أفوبيانو","AVOCADO+SOYBEAN","FARMAZAD > CANTRET","JOINT SUPPORT","ORAL.SOLID","150.0","",""
"2017","AVOCAPI 10CAPS.","أفوكابي","AVOCADO OIL+SOYA BEAN OIL","ALFACURE PHARMACEUTICALS","JOINTS DEGENERATION","ORAL.SOLID","8.5","",""
"2018","AVODART 0.5 MG 30 CAPS.","أفودارت","DUTASTERIDE","CATALENT SCHORNDOF GMBH-GERMANY > GLAXO SMITHKLINE","5-ALPHA-REDUCTASE INHIBITOR","ORAL.SOLID","313.0","",""
"2019","AVONEX 30 MCG (6MIU) 4 SYRINGES","أفونيكس 4 حقن","INTERFERON BETA-1A","BIOGEN > RAMCO","MULTIPLE SCLEROSIS","INJECTION","14875.0","",""
"2020","AVOREND 30 F.C. TABS.","أفوريند أقراص مغلفة","GLUCOSAMINE+CHONDROITIN+AVOCADO SOYBEAN UNSAPONIFIABLES (ASU)+VITAMIN C+VITAMIN E+MANGANESE","> TREND PHARM","ANTI-RHEUMATIC.OSTEOARTHRITIS.ANABOLIC AGENTS","ORAL.SOLID","300.0","",""
"2021","AVOREXAL 30 CAPS.","أفوريكسال","AVOCADO OIL+SOYA BEAN OIL","DELTA PHARMA","JOINTS ARTHRITIS","ORAL.SOLID","270.0","",""
"2022","AVOSCALDINE 300MG 20 SOFT GELATIN CAPS.","أفوسكالدين 20 سوفت جيلاتين","AVOCADO OIL+SOYA BEAN OIL","SIGMA > CHEMIPHARM","OSTEOARTHRITIS","ORAL.SOLID","27.6","",""
"2023","AVOSOYA 30 CAPS.","أفوسويا","AVOCADO OIL+SOYA BEAN OIL","DEBEIKY > TREND PHARM","JOINTS ARTHRITIS","ORAL.SOLID","350.0","",""
"2024","AVRISURG TOPICAL CREAM 30 GM","أفريسورج كريم موضعي","LIDOCAINE+PRILOCAINE","MEDIZEN PHARMACEUTICAL INDUSTRIES","LOCAL ANESTHETIC","TOPICAL","55.0","",""
"2025","AWADICIPRO 500 MG 10 F.C. TABS.","أواديسيبرو أقراص مغلفة","CIPROFLOXACIN","HIGH PERFORMANCE PHARMA (HP PHARMA)","ANTIBIOTIC.QUINOLONE","ORAL.SOLID","69.0","",""